4124.95,4124.9,4124.85,4124.8,4124.55,4126.55,4126.7,4126.75,4126.95,4127.0,5,6,8,4,6,2,3,6,6,6,1,1,2,1,1,2,2,1,1,1,dp,BSE:TCS-A,1734956154.402102
4124.9,4124.65,4124.6,4124.55,4124.5,4126.55,4126.7,4126.75,4126.95,4127.0,4,3,4,6,4,2,3,6,6,6,1,1,1,1,1,2,2,1,1,1,dp,BSE:TCS-A,1734956155.447927
4124.65,4124.6,4124.55,4124.5,4124.45,4126.55,4126.7,4126.75,4126.95,4127.0,6,4,6,4,9,2,3,12,6,6,1,1,1,1,2,2,2,2,1,1,dp,BSE:TCS-A,1734956157.884894
4124.7,4124.65,4124.6,4124.55,4124.5,4126.55,4126.7,4126.75,4126.95,4127.0,8,6,4,6,4,2,3,12,6,6,2,1,1,1,1,2,2,2,1,1,dp,BSE:TCS-A,1734956158.707765
4124.75,4124.7,4124.65,4124.6,4124.55,4126.55,4126.7,4126.75,4126.95,4127.0,9,5,6,4,6,2,3,12,6,6,2,1,1,1,1,2,2,2,1,1,dp,BSE:TCS-A,1734956160.48767
4124.75,4124.7,4124.65,4124.6,4124.55,4126.55,4126.7,4126.75,4126.95,4127.0,9,5,6,4,6,2,3,6,22,6,2,1,1,1,1,2,2,1,2,1,dp,BSE:TCS-A,1734956165.452267
4124.6,4124.55,4124.4,4124.35,4124.25,4126.55,4126.7,4126.75,4126.95,4127.0,9,6,4,4,2,6,3,6,22,6,2,1,1,1,2,3,2,1,2,1,dp,BSE:TCS-A,1734956165.871255
4124.6,4124.55,4124.4,4124.35,4124.25,4126.55,4126.7,4126.75,4126.95,4127.0,9,6,11,4,2,6,3,6,6,6,2,1,2,1,2,3,2,1,1,1,dp,BSE:TCS-A,1734956168.805306
4124.6,4124.55,4124.45,4124.4,4124.35,4126.55,4126.7,4126.75,4126.95,4127.0,6,6,3,13,4,6,3,6,6,6,1,1,1,2,1,3,2,1,1,1,dp,BSE:TCS-A,1734956169.940624
4124.7,4124.65,4124.6,4124.55,4124.45,4126.55,4126.7,4126.75,4126.95,4127.0,5,8,6,6,8,6,3,6,6,6,1,2,1,1,1,3,2,1,1,1,dp,BSE:TCS-A,1734956172.291963
4124.8,4124.75,4124.7,4124.65,4124.6,4126.55,4126.7,4126.75,4126.95,4127.0,7,4,5,5,6,5,3,6,6,6,2,1,1,1,1,2,2,1,1,1,dp,BSE:TCS-A,1734956173.485441
4124.8,4124.75,4124.7,4124.65,4124.6,4126.55,4126.7,4126.75,4126.95,4127.2,8,5,5,5,6,1,2,6,6,20,3,2,1,1,1,1,1,1,1,3,dp,BSE:TCS-A,1734956174.810211
4124.85,4124.8,4124.75,4124.7,4124.65,4126.55,4126.7,4126.75,4126.95,4127.0,8,5,4,5,5,1,2,6,6,4,3,2,1,1,1,1,1,1,1,1,dp,BSE:TCS-A,1734956176.585296
4124.85,4124.8,4124.75,4124.7,4124.65,4126.55,4126.7,4126.75,4126.95,4127.0,5,8,4,5,5,1,2,6,22,4,2,3,1,1,1,1,1,1,2,1,dp,BSE:TCS-A,1734956177.70679
4124.85,4124.8,4124.75,4124.7,4124.65,4126.55,4126.7,4126.75,4126.95,4127.0,5,5,4,5,8,1,2,6,22,4,2,2,1,1,2,1,1,1,2,1,dp,BSE:TCS-A,1734956178.731173
4124.9,4124.85,4124.8,4124.75,4124.7,4126.55,4126.7,4126.75,4126.95,4127.0,6,8,5,4,5,1,2,6,22,4,1,3,2,1,1,1,1,1,2,1,dp,BSE:TCS-A,1734956180.223026
4124.9,4124.85,4124.8,4124.75,4124.7,4126.55,4126.7,4126.75,4126.95,4127.0,6,5,5,4,5,1,2,6,22,4,1,2,2,1,1,1,1,1,2,1,dp,BSE:TCS-A,1734956180.501695
4124.9,4124.85,4124.8,4124.75,4124.7,4126.55,4126.7,4126.75,4126.95,4127.0,6,5,5,7,5,1,2,6,22,4,1,2,2,2,1,1,1,1,2,1,dp,BSE:TCS-A,1734956181.267955
4124.9,4124.85,4124.8,4124.75,4124.7,4126.55,4126.7,4126.75,4126.95,4127.0,6,5,5,4,5,1,2,6,6,4,1,2,2,1,1,1,1,1,1,1,dp,BSE:TCS-A,1734956181.831736
4124.9,4124.85,4124.8,4124.75,4124.7,4126.55,4126.7,4126.75,4126.95,4127.0,9,5,5,4,5,1,2,6,22,4,2,2,2,1,1,1,1,1,2,1,dp,BSE:TCS-A,1734956183.913328
4124.9,4124.85,4124.8,4124.75,4124.7,4126.55,4126.75,4126.95,4127.0,4127.2,9,5,5,4,5,1,6,6,4,20,2,2,2,1,1,1,1,1,1,3,dp,BSE:TCS-A,1734956185.934587
4124.9,4124.85,4124.8,4124.75,4124.7,4126.55,4126.75,4126.95,4127.0,4127.2,6,5,8,4,5,1,6,6,4,20,1,2,3,1,1,1,1,1,1,3,dp,BSE:TCS-A,1734956187.620935
4124.9,4124.85,4124.8,4124.75,4124.7,4126.55,4126.75,4126.95,4127.0,4127.2,6,5,8,4,5,5,6,6,4,20,1,2,3,1,1,2,1,1,1,3,dp,BSE:TCS-A,1734956188.412535
4124.9,4124.85,4124.8,4124.75,4124.7,4126.55,4126.75,4126.95,4127.0,4127.2,6,5,5,7,5,5,6,6,4,20,1,2,2,2,1,2,1,1,1,3,dp,BSE:TCS-A,1734956190.112206
4124.9,4124.85,4124.8,4124.75,4124.7,4126.75,4126.95,4127.0,4127.2,4127.25,6,5,5,7,5,6,6,4,20,22,1,2,2,2,1,1,1,1,3,2,dp,BSE:TCS-A,1734956190.31781
4124.9,4124.85,4124.8,4124.75,4124.7,4126.75,4126.95,4127.0,4127.2,4127.25,6,8,5,4,5,6,6,4,20,22,1,3,2,1,1,1,1,1,3,2,dp,BSE:TCS-A,1734956191.176057
4124.95,4124.9,4124.85,4124.8,4124.75,4127.25,4127.45,4127.6,4127.65,4127.75,25,7,4,14,10,6,6,2,6,16,5,2,1,2,2,1,1,1,1,1,dp,BSE:TCS-A,1734956192.428741
4125.0,4124.95,4124.9,4124.85,4124.8,4127.25,4127.45,4127.6,4127.65,4127.75,10,22,6,4,14,6,22,2,6,16,3,4,1,1,2,1,2,1,1,1,dp,BSE:TCS-A,1734956192.942541
4125.0,4124.95,4124.9,4124.85,4124.8,4127.25,4127.45,4127.6,4127.65,4127.75,10,22,6,4,14,6,22,2,6,115,3,4,1,1,2,1,2,1,1,2,dp,BSE:TCS-A,1734956193.79207
4125.05,4125.0,4124.95,4124.9,4124.85,4127.25,4127.4,4127.45,4127.6,4127.65,3,7,22,6,4,6,16,6,2,6,1,2,4,1,1,1,1,1,1,1,dp,BSE:TCS-A,1734956194.112932
4125.0,4124.95,4124.9,4124.85,4124.8,4127.25,4127.4,4127.45,4127.6,4127.65,4,16,3,2,10,7,17,6,2,6,1,2,1,1,1,2,2,1,1,1,dp,BSE:TCS-A,1734956195.963681
4125.0,4124.85,4124.8,4124.75,4124.7,4127.25,4127.4,4127.45,4127.55,4127.6,4,2,13,4,5,11,26,6,3,2,1,1,2,1,1,3,3,1,1,1,dp,BSE:TCS-A,1734956197.357235
4125.0,4124.85,4124.8,4124.75,4124.7,4127.25,4127.4,4127.45,4127.5,4127.6,4,2,10,4,5,6,10,6,21,8,1,1,1,1,1,3,2,1,2,2,dp,BSE:TCS-A,1734956199.548478
4124.35,4124.3,4124.25,4124.2,4124.0,4127.15,4127.2,4127.25,4127.35,4127.4,3,175,2,6,22,22,53,16,29,9,1,1,2,1,3,4,2,4,2,1,dp,BSE:TCS-A,1734956200.494158
4124.3,4124.25,4124.2,4124.1,4124.0,4126.85,4126.95,4127.1,4127.15,4127.2,3,2,6,175,12,8,15,25,23,53,1,2,1,1,2,3,3,7,3,2,dp,BSE:TCS-A,1734956201.252962
4124.25,4124.2,4124.1,4124.05,4124.0,4126.85,4126.95,4127.0,4127.05,4127.1,2,6,175,3,12,9,29,16,2,19,2,1,1,1,2,4,7,1,1,4,dp,BSE:TCS-A,1734956202.476656
4124.35,4124.3,4124.25,4124.2,4124.0,4126.85,4126.95,4127.0,4127.1,4127.15,7,4,6,6,187,7,15,16,15,20,2,1,3,1,3,2,3,1,3,2,dp,BSE:TCS-A,1734956203.742795
4124.35,4124.3,4124.25,4124.2,4124.1,4126.85,4126.95,4127.0,4127.1,4127.15,7,4,6,6,175,7,15,16,15,21,2,1,3,1,1,2,3,1,3,3,dp,BSE:TCS-A,1734956205.606673
4124.4,4124.35,4124.3,4124.25,4124.2,4126.85,4126.9,4126.95,4127.0,4127.1,7,4,4,6,6,7,16,15,16,15,2,1,1,3,1,2,1,3,1,3,dp,BSE:TCS-A,1734956206.035277
4124.45,4124.4,4124.35,4124.3,4124.25,4126.85,4126.9,4126.95,4127.0,4127.1,4,4,4,4,6,7,16,15,16,15,1,1,1,1,3,2,1,3,1,3,dp,BSE:TCS-A,1734956207.740602
4124.5,4124.45,4124.4,4124.35,4124.3,4126.85,4126.95,4127.0,4127.1,4127.15,7,4,4,4,4,7,15,16,15,20,2,1,1,1,1,2,3,1,3,2,dp,BSE:TCS-A,1734956208.980563
4124.5,4124.45,4124.4,4124.35,4124.3,4126.8,4126.85,4126.9,4126.95,4127.0,4,4,4,4,4,32,12,26,34,16,1,1,1,1,1,5,3,2,5,1,dp,BSE:TCS-A,1734956209.105215
4124.4,4124.35,4124.3,4124.25,4124.2,4126.75,4126.8,4126.85,4126.9,4126.95,3,4,4,4,6,31,7,23,16,14,1,1,1,1,1,5,2,4,1,2,dp,BSE:TCS-A,1734956209.740126
4124.35,4124.3,4124.25,4124.2,4124.1,4126.75,4126.8,4126.85,4126.9,4126.95,4,4,4,6,175,31,7,26,16,25,1,1,1,1,1,5,2,4,1,4,dp,BSE:TCS-A,1734956211.542087
4124.15,4124.1,4123.9,4123.4,4123.2,4126.7,4126.75,4126.8,4126.85,4126.9,3,175,175,6,16,15,41,105,49,10,1,1,1,1,3,3,6,2,6,1,dp,BSE:TCS-A,1734956212.270749
4124.15,4124.1,4123.9,4123.45,4123.4,4126.1,4126.2,4126.25,4126.3,4126.4,1,176,175,3,6,4,3,6,15,16,1,2,1,1,1,1,1,1,2,2,dp,BSE:TCS-A,1734956213.240158
4124.2,4124.15,4124.1,4124.0,4123.9,4126.1,4126.25,4126.3,4126.4,4126.45,3,1,181,4,181,14,6,15,16,18,1,1,2,1,2,2,1,2,2,3,dp,BSE:TCS-A,1734956214.079142
4124.15,4124.1,4124.0,4123.9,4123.7,4126.1,4126.2,4126.25,4126.3,4126.4,3,181,6,181,6,14,1,9,15,16,1,2,1,2,1,2,1,2,2,2,dp,BSE:TCS-A,1734956214.547774
4124.1,4123.9,4123.7,4123.45,4123.4,4126.1,4126.2,4126.25,4126.3,4126.4,181,181,6,3,6,14,4,6,15,16,2,2,1,1,1,2,2,1,2,2,dp,BSE:TCS-A,1734956215.297584
4124.15,4124.1,4124.0,4123.9,4123.7,4126.1,4126.2,4126.25,4126.3,4126.4,3,181,4,181,6,15,4,6,15,16,1,2,1,2,1,3,2,1,2,2,dp,BSE:TCS-A,1734956215.665731
4124.15,4124.1,4124.0,4123.9,4123.7,4126.1,4126.2,4126.25,4126.3,4126.4,3,181,4,181,6,15,1,6,15,19,1,2,1,2,1,3,1,1,2,3,dp,BSE:TCS-A,1734956216.782131
4124.15,4124.1,4124.0,4123.9,4123.7,4126.1,4126.2,4126.25,4126.3,4126.4,3,175,5,175,6,15,4,6,17,16,1,1,1,1,1,3,2,1,3,2,dp,BSE:TCS-A,1734956217.264207
4124.15,4124.1,4124.0,4123.9,4123.7,4126.1,4126.2,4126.25,4126.3,4126.35,3,175,5,175,6,15,4,6,17,16,1,1,1,1,1,3,2,1,3,1,dp,BSE:TCS-A,1734956217.639917
4124.15,4124.1,4124.0,4123.9,4123.7,4126.1,4126.2,4126.25,4126.3,4126.4,3,175,5,175,6,15,1,6,17,16,1,1,1,1,1,3,1,1,3,2,dp,BSE:TCS-A,1734956219.804778
4125.15,4125.1,4125.05,4125.0,4124.9,4127.95,4128.2,4128.3,4128.35,4128.85,3,20,11,5,6,3,14,62,78,47,1,4,2,1,1,1,2,2,1,1,dp,BSE:TCS-A,1734956222.341444
4125.15,4125.1,4125.05,4125.0,4124.9,4128.15,4128.2,4128.3,4128.75,4128.85,18,195,10,10,6,3,14,46,16,47,4,5,1,2,1,1,2,1,1,1,dp,BSE:TCS-A,1734956222.895318
4126.1,4126.0,4125.65,4125.6,4125.2,4128.15,4128.2,4128.3,4128.4,4128.7,1,6,3,10,175,3,14,46,16,34,1,1,1,1,1,1,2,1,1,1,dp,BSE:TCS-A,1734956223.344072
4126.1,4126.0,4125.6,4125.2,4125.15,4128.15,4128.2,4128.3,4128.4,4128.7,1,6,10,3,14,3,14,46,16,40,1,1,1,1,2,1,2,1,1,1,dp,BSE:TCS-A,1734956224.818807
4126.1,4126.0,4125.65,4125.6,4125.15,4128.15,4128.2,4128.3,4128.4,4128.7,1,6,3,10,14,3,14,46,16,40,1,1,1,1,2,1,2,1,1,1,dp,BSE:TCS-A,1734956224.95371
4126.85,4126.4,4126.15,4126.0,4125.85,4129.8,4129.85,4129.9,4129.95,4130.05,3,10,2,12,6,3,5,15,2,10,1,1,1,2,1,1,2,3,1,2,dp,BSE:TCS-A,1734956225.372623
4126.45,4126.4,4126.15,4126.0,4125.85,4129.8,4129.85,4129.9,4129.95,4130.0,3,10,2,12,6,24,18,14,2,6,1,1,1,2,1,4,3,2,1,1,dp,BSE:TCS-A,1734956226.354417
4127.65,4127.25,4127.2,4127.0,4126.8,4129.8,4129.85,4129.9,4129.95,4130.0,3,3,10,20,6,5,5,14,2,9,1,1,1,3,1,2,2,2,1,2,dp,BSE:TCS-A,1734956226.674176
4127.25,4127.2,4127.0,4126.8,4126.7,4129.7,4129.75,4129.8,4129.85,4129.9,4,11,20,6,175,6,6,4,7,12,2,2,3,1,1,1,1,1,2,1,dp,BSE:TCS-A,1734956228.015171
4126.0,4125.4,4125.25,4125.2,4125.15,4128.8,4128.85,4128.9,4129.0,4129.1,4,12,3,7,4,17,21,16,59,14,1,3,1,2,1,3,3,1,7,2,dp,BSE:TCS-A,1734956230.613545
4125.15,4125.1,4125.0,4124.9,4124.6,4127.95,4128.0,4128.05,4128.1,4128.3,4,7,10,2,6,3,16,17,16,10,2,3,2,1,1,1,2,3,1,1,dp,BSE:TCS-A,1734956230.615925
4125.4,4125.35,4125.15,4125.1,4125.0,4127.75,4127.8,4127.85,4127.9,4127.95,3,6,6,6,5,26,1,28,23,54,1,1,1,2,1,4,1,4,2,4,dp,BSE:TCS-A,1734956234.057603
4125.35,4125.15,4125.1,4125.05,4125.0,4127.65,4127.7,4127.75,4127.85,4127.9,6,6,2,3,5,4,1,25,15,13,1,1,1,1,1,2,1,3,2,1,dp,BSE:TCS-A,1734956234.882611
4125.35,4125.15,4125.1,4125.0,4124.95,4127.65,4127.7,4127.85,4127.95,4128.0,6,6,2,5,6,4,1,5,42,16,1,1,1,1,1,2,1,1,2,2,dp,BSE:TCS-A,1734956235.267473
4125.4,4125.35,4125.15,4125.1,4125.0,4127.6,4127.65,4127.8,4127.85,4127.95,3,6,6,5,5,4,1,13,5,32,1,1,1,2,1,2,1,1,1,1,dp,BSE:TCS-A,1734956235.912742
4125.35,4125.2,4125.15,4125.1,4125.0,4127.55,4127.6,4127.65,4127.8,4127.95,6,3,6,2,5,3,1,1,13,32,1,1,1,1,1,1,1,1,1,1,dp,BSE:TCS-A,1734956236.382061
4125.9,4125.35,4125.15,4125.1,4125.0,4127.9,4127.95,4128.0,4128.05,4128.3,5,6,6,2,13,4,34,16,2,10,1,1,1,1,2,2,2,2,1,1,dp,BSE:TCS-A,1734956237.034604
4125.4,4125.35,4125.15,4125.1,4125.0,4128.8,4128.85,4129.0,4129.35,4129.4,19,23,6,5,13,3,10,10,2,37,4,4,1,2,2,1,1,3,1,1,dp,BSE:TCS-A,1734956237.527425
4126.0,4125.95,4125.65,4125.6,4125.4,4128.7,4128.75,4128.8,4128.85,4128.95,5,5,3,10,190,3,25,16,26,27,2,2,1,1,3,1,3,1,3,3,dp,BSE:TCS-A,1734956238.152524
4126.3,4126.05,4126.0,4125.95,4125.6,4128.8,4128.85,4128.9,4128.95,4129.0,8,4,4,4,10,3,5,11,26,10,2,2,1,1,1,1,1,1,2,3,dp,BSE:TCS-A,1734956238.662501
4126.3,4126.05,4125.95,4125.6,4125.4,4128.5,4128.55,4128.65,4128.7,4128.75,1,1,4,10,15,3,1,13,62,16,1,1,1,1,2,1,1,1,3,1,dp,BSE:TCS-A,1734956240.153994
4125.6,4125.4,4125.35,4125.15,4125.1,4128.6,4128.65,4128.7,4128.8,4128.95,10,15,22,6,5,20,14,43,114,104,1,2,3,1,2,3,2,1,3,2,dp,BSE:TCS-A,1734956240.554091
4126.0,4125.95,4125.6,4125.4,4125.35,4128.6,4128.65,4128.7,4128.75,4128.8,3,7,10,15,22,20,19,43,5,111,1,1,1,2,3,3,3,1,1,3,dp,BSE:TCS-A,1734956241.397273
4126.45,4126.4,4126.0,4125.65,4125.6,4128.6,4128.65,4128.7,4128.75,4128.8,7,10,6,18,14,4,19,43,5,124,1,1,1,3,2,2,3,1,1,4,dp,BSE:TCS-A,1734956242.198381
4126.15,4126.1,4126.05,4126.0,4125.65,4128.55,4128.6,4128.65,4128.7,4128.75,3,10,10,5,10,1,1,13,59,3,1,1,1,1,1,1,1,1,2,1,dp,BSE:TCS-A,1734956243.474278
4126.15,4126.1,4126.05,4126.0,4125.7,4128.75,4128.8,4128.95,4129.0,4129.1,11,11,10,5,3,3,117,104,16,16,2,2,1,1,1,1,3,2,4,1,dp,BSE:TCS-A,1734956244.67496
4125.65,4125.6,4125.45,4125.4,4125.3,4128.7,4128.75,4129.0,4129.35,4129.4,9,20,15,195,15,4,25,19,20,37,2,3,2,4,2,2,4,4,3,1,dp,BSE:TCS-A,1734956251.167751
4125.65,4125.6,4125.5,4125.45,4125.4,4128.6,4128.65,4128.7,4128.75,4128.85,10,21,175,15,20,3,25,43,37,1,3,4,1,2,3,1,3,1,5,1,dp,BSE:TCS-A,1734956251.489095
4125.65,4125.6,4125.45,4125.4,4125.3,4128.6,4128.65,4128.7,4128.75,4128.85,10,21,15,195,15,3,5,36,28,7,3,4,2,4,2,1,1,1,4,1,dp,BSE:TCS-A,1734956252.67644
4125.65,4125.6,4125.55,4125.45,4125.4,4128.6,4128.65,4128.75,4128.85,4129.0,20,21,175,15,20,3,5,15,11,10,4,4,1,2,3,1,1,2,2,2,dp,BSE:TCS-A,1734956253.602232
4126.2,4126.15,4126.1,4126.05,4126.0,4129.05,4129.1,4129.45,4129.8,4129.9,14,11,10,10,10,3,10,47,19,12,3,2,1,1,2,1,2,3,2,1,dp,BSE:TCS-A,1734956253.88781
4126.25,4126.2,4126.15,4126.1,4126.05,4129.1,4129.4,4129.45,4129.8,4129.9,20,12,185,10,10,10,3,33,16,12,4,3,2,1,1,2,1,2,1,1,dp,BSE:TCS-A,1734956255.114171
4126.5,4126.45,4126.4,4126.25,4126.2,4129.1,4129.85,4129.9,4129.95,4130.0,193,5,10,20,11,10,3,12,48,22,5,2,1,3,2,2,1,1,2,2,dp,BSE:TCS-A,1734956256.305406
4126.5,4126.4,4126.25,4126.2,4126.15,4128.75,4128.8,4128.85,4128.95,4129.0,10,10,20,10,10,29,1,40,27,6,1,1,3,1,1,5,1,3,3,1,dp,BSE:TCS-A,1734956257.57736
4126.5,4126.4,4126.25,4126.2,4126.15,4128.75,4128.8,4128.85,4128.95,4129.0,10,10,20,10,13,29,1,40,27,6,1,1,3,1,2,5,1,3,3,1,dp,BSE:TCS-A,1734956258.433898
4126.55,4126.5,4126.4,4126.25,4126.2,4128.75,4128.8,4128.85,4128.9,4128.95,3,10,10,20,10,26,4,15,25,27,1,1,1,3,1,4,2,2,1,3,dp,BSE:TCS-A,1734956258.681301
4126.5,4126.4,4126.25,4126.2,4126.15,4128.7,4128.75,4128.8,4128.85,4128.9,10,10,23,10,10,4,26,99,15,25,1,1,4,1,1,2,4,1,2,1,dp,BSE:TCS-A,1734956259.924456
4126.5,4126.4,4126.3,4126.25,4126.2,4128.65,4128.7,4128.75,4128.85,4128.9,10,10,3,20,10,3,1,1,5,25,1,1,1,3,1,1,1,1,1,1,dp,BSE:TCS-A,1734956260.718765
4126.5,4126.45,4126.4,4126.25,4126.2,4128.65,4128.7,4128.75,4128.85,4129.0,10,3,10,20,10,3,1,1,29,6,1,1,1,3,1,1,1,1,2,1,dp,BSE:TCS-A,1734956261.094494
4126.55,4126.5,4126.45,4126.4,4126.35,4129.9,4129.95,4130.1,4130.2,4130.25,8,11,3,10,5,3,59,2,30,16,3,2,1,1,1,1,2,2,1,1,dp,BSE:TCS-A,1734956262.306997
4127.6,4127.55,4127.45,4127.35,4127.15,4130.75,4130.8,4131.0,4131.15,4131.3,18,22,5,6,6,3,10,5,18,10,4,3,1,1,1,1,2,1,2,2,dp,BSE:TCS-A,1734956263.936021
4127.7,4127.65,4127.6,4127.55,4127.35,4130.65,4130.7,4130.8,4130.9,4130.95,10,6,14,22,6,9,5,10,3,53,3,1,2,3,1,2,1,2,1,4,dp,BSE:TCS-A,1734956264.303222
4127.7,4127.65,4127.6,4127.55,4127.35,4130.6,4130.65,4130.8,4130.9,4130.95,20,6,14,22,6,5,6,10,3,29,4,1,2,3,1,1,1,2,1,1,dp,BSE:TCS-A,1734956265.112396
4127.8,4127.75,4127.7,4127.65,4127.6,4130.5,4130.55,4131.45,4131.5,4131.6,17,197,16,6,14,1,1,3,16,55,3,4,2,1,2,1,1,1,1,2,dp,BSE:TCS-A,1734956265.513707
4127.85,4127.8,4127.75,4127.7,4127.65,4130.5,4130.55,4130.65,4131.45,4131.5,19,14,22,16,6,1,1,2,3,13,3,2,3,2,1,1,1,1,1,1,dp,BSE:TCS-A,1734956266.341813
4127.85,4127.8,4127.75,4127.7,4127.65,4130.45,4130.5,4130.6,4130.65,4131.2,19,14,22,16,6,1,1,3,2,10,3,2,3,2,1,1,1,1,1,1,dp,BSE:TCS-A,1734956267.134105
4127.75,4127.7,4127.65,4127.6,4127.55,4129.8,4129.85,4130.0,4130.2,4130.4,4,6,6,4,12,4,5,11,32,54,1,1,1,1,2,2,1,2,1,7,dp,BSE:TCS-A,1734956267.492562
4127.7,4127.65,4127.6,4127.55,4127.4,4129.7,4129.75,4129.9,4130.0,4130.2,6,6,4,12,3,4,6,5,6,32,1,1,1,2,1,2,2,1,1,1,dp,BSE:TCS-A,1734956268.330022
4127.75,4127.7,4127.65,4127.6,4127.55,4129.65,4129.7,4129.9,4129.95,4130.0,3,6,6,4,12,4,1,13,2,6,1,1,1,1,2,2,1,1,1,1,dp,BSE:TCS-A,1734956268.680497
4127.7,4127.65,4127.6,4127.55,4127.35,4129.65,4129.7,4129.8,4129.85,4130.0,6,6,4,12,6,1,1,3,5,6,1,1,1,2,1,1,1,1,1,1,dp,BSE:TCS-A,1734956269.523403
4127.25,4127.2,4127.05,4127.0,4126.95,4129.65,4129.7,4129.8,4129.85,4130.0,3,10,2,181,14,1,1,3,11,6,1,1,1,2,2,1,1,1,2,1,dp,BSE:TCS-A,1734956269.911883
4127.0,4126.95,4126.9,4126.85,4126.8,4129.6,4129.65,4129.7,4129.75,4129.8,6,179,4,2,3,18,17,5,43,99,1,2,1,1,1,4,3,1,4,1,dp,BSE:TCS-A,1734956270.81604
4127.05,4127.0,4126.95,4126.9,4126.7,4129.35,4129.4,4129.45,4129.5,4129.55,3,6,4,4,6,8,5,37,6,20,1,1,1,1,1,3,2,2,1,2,dp,BSE:TCS-A,1734956274.432177
4127.0,4126.95,4126.9,4126.7,4126.55,4129.35,4129.4,4129.45,4129.5,4129.55,6,7,4,6,14,8,5,37,6,20,1,2,1,1,2,3,2,2,1,2,dp,BSE:TCS-A,1734956276.001841
4127.0,4126.95,4126.9,4126.7,4126.55,4129.2,4129.25,4129.3,4129.35,4129.4,9,4,4,6,14,10,25,14,13,14,2,1,1,1,2,3,4,3,3,2,dp,BSE:TCS-A,1734956277.20866
4127.0,4126.95,4126.9,4126.7,4126.55,4129.1,4129.15,4129.2,4129.25,4129.3,6,7,4,6,14,13,5,4,24,11,1,2,1,1,2,4,2,1,3,2,dp,BSE:TCS-A,1734956278.400618
4127.0,4126.95,4126.9,4126.7,4126.55,4129.1,4129.15,4129.2,4129.25,4129.3,6,7,4,6,14,33,5,16,4,6,1,2,1,1,2,6,2,4,1,1,dp,BSE:TCS-A,1734956279.603645
4127.0,4126.95,4126.9,4126.7,4126.55,4129.05,4129.1,4129.15,4129.2,4129.25,9,4,4,6,14,8,5,4,4,4,2,1,1,1,2,3,2,1,1,1,dp,BSE:TCS-A,1734956282.434042
4126.7,4126.55,4126.5,4126.35,4126.3,4129.05,4129.1,4129.15,4129.2,4129.25,6,4,6,3,6,8,18,4,9,22,1,1,1,1,1,3,3,1,2,3,dp,BSE:TCS-A,1734956283.706975
4126.7,4126.5,4126.3,4126.25,4126.15,4129.05,4129.1,4129.15,4129.2,4129.25,6,6,9,4,10,13,38,9,108,4,1,1,2,1,1,4,5,3,3,1,dp,BSE:TCS-A,1734956284.805987
4125.8,4125.75,4125.7,4125.6,4125.55,4128.45,4128.5,4128.55,4128.6,4128.65,4,4,6,3,6,8,5,47,4,40,1,1,1,1,1,3,2,5,1,5,dp,BSE:TCS-A,1734956286.146784
4125.85,4125.8,4125.75,4125.7,4125.55,4128.4,4128.45,4128.5,4128.55,4128.6,7,4,4,6,6,8,5,4,6,4,2,1,1,1,1,3,2,1,1,1,dp,BSE:TCS-A,1734956286.822136
4125.35,4125.3,4125.25,4125.15,4125.0,4128.05,4128.1,4128.15,4128.2,4128.25,3,5,4,10,6,1,18,33,14,18,1,1,1,1,1,1,4,4,2,3,dp,BSE:TCS-A,1734956288.537381
4125.35,4125.3,4125.25,4125.15,4125.1,4127.95,4128.0,4128.05,4128.1,4128.15,3,5,4,10,3,35,16,6,19,16,1,1,1,1,1,3,3,1,3,2,dp,BSE:TCS-A,1734956289.212023
4125.55,4125.5,4125.45,4125.4,4125.35,4128.35,4128.6,4128.65,4128.7,4128.8,182,6,15,22,16,11,3,1,41,13,3,1,2,4,2,3,1,1,2,2,dp,BSE:TCS-A,1734956296.117146
4126.2,4126.15,4126.1,4126.0,4125.9,4128.3,4128.35,4128.65,4128.7,4128.75,4,1,6,4,6,6,14,3,44,5,2,1,1,1,1,1,3,1,3,1,dp,BSE:TCS-A,1734956298.113856
4126.2,4126.15,4126.1,4126.0,4125.9,4129.1,4129.15,4129.25,4129.3,4129.35,195,2,6,4,16,4,4,6,7,3,5,2,1,1,3,1,1,1,2,1,dp,BSE:TCS-A,1734956300.932232
4126.8,4126.75,4126.55,4126.5,4126.4,4130.35,4130.4,4130.45,4130.65,4130.9,9,12,6,5,10,8,26,10,23,54,3,3,1,1,1,2,2,1,4,2,dp,BSE:TCS-A,1734956302.123959
4127.8,4127.75,4127.55,4127.35,4127.2,4130.05,4130.1,4130.15,4130.2,4130.25,10,13,6,6,10,7,4,6,40,6,3,3,1,1,1,2,1,1,2,1,dp,BSE:TCS-A,1734956310.552696
4127.8,4127.75,4127.55,4127.35,4127.2,4130.05,4130.1,4130.15,4130.2,4130.25,10,13,6,6,10,4,4,6,9,6,3,3,1,1,1,1,1,1,2,1,dp,BSE:TCS-A,1734956310.931015
4127.8,4127.75,4127.55,4127.35,4127.2,4130.05,4130.1,4130.15,4130.2,4130.25,10,13,6,6,10,4,7,6,6,6,3,3,1,1,1,1,2,1,1,1,dp,BSE:TCS-A,1734956311.725073
4127.8,4127.75,4127.55,4127.35,4127.2,4130.0,4130.05,4130.1,4130.15,4130.2,10,13,6,6,10,6,4,4,9,6,3,3,1,1,1,1,1,1,2,1,dp,BSE:TCS-A,1734956312.225122
4129.3,4129.25,4129.1,4129.0,4128.9,4131.45,4131.5,4131.55,4131.6,4131.7,10,4,6,6,6,7,7,10,43,38,3,1,1,1,1,2,2,2,1,1,dp,BSE:TCS-A,1734956316.243353
4129.35,4129.3,4129.25,4129.1,4129.0,4131.95,4132.0,4132.15,4132.4,4132.45,10,12,4,6,6,3,6,64,16,53,3,2,1,1,1,1,1,3,1,3,dp,BSE:TCS-A,1734956319.432498
4129.45,4129.4,4129.35,4129.3,4129.25,4131.95,4132.0,4132.15,4132.35,4132.4,8,6,6,12,3,7,6,64,18,16,3,1,1,2,1,2,1,3,1,1,dp,BSE:TCS-A,1734956320.654882
4130.55,4130.45,4130.4,4130.35,4130.15,4132.65,4132.7,4133.0,4133.05,4133.1,12,3,11,6,6,9,2,18,16,2,3,1,2,1,1,2,1,2,1,1,dp,BSE:TCS-A,1734956324.130068
4130.0,4129.8,4129.75,4129.7,4129.65,4132.1,4132.15,4132.2,4132.25,4132.3,6,8,6,10,4,8,8,14,15,16,2,3,1,2,1,2,4,2,2,2,dp,BSE:TCS-A,1734956328.263332
4130.0,4129.8,4129.75,4129.7,4129.65,4132.1,4132.15,4132.2,4132.25,4132.3,6,5,6,10,7,8,8,14,15,16,2,2,1,2,2,2,4,2,2,2,dp,BSE:TCS-A,1734956329.419064
4130.0,4129.8,4129.75,4129.7,4129.65,4132.1,4132.15,4132.2,4132.25,4132.3,6,5,6,10,4,13,28,14,20,134,2,2,1,2,1,3,6,2,3,5,dp,BSE:TCS-A,1734956331.861435
4129.05,4129.0,4128.8,4128.7,4128.6,4132.0,4132.05,4132.1,4132.15,4132.2,3,4,10,6,20,34,15,15,21,14,1,1,1,2,3,5,3,2,5,2,dp,BSE:TCS-A,1734956332.26314
4129.05,4129.0,4128.85,4128.8,4128.7,4131.9,4131.95,4132.0,4132.05,4132.1,3,4,11,185,11,4,1,14,14,15,1,1,1,2,3,2,1,2,2,2,dp,BSE:TCS-A,1734956333.54419
4129.05,4129.0,4128.85,4128.8,4128.7,4131.85,4131.9,4132.0,4132.05,4132.1,3,4,11,185,11,1,1,14,14,15,1,1,1,2,3,1,1,2,2,2,dp,BSE:TCS-A,1734956334.352572
4129.05,4129.0,4128.85,4128.8,4128.7,4131.8,4131.85,4132.0,4132.05,4132.1,3,4,11,185,11,4,1,14,14,15,1,1,1,2,3,2,1,2,2,2,dp,BSE:TCS-A,1734956334.748787
4129.05,4129.0,4128.85,4128.8,4128.7,4131.8,4131.85,4132.0,4132.05,4132.1,3,4,186,10,11,8,1,14,14,20,1,1,2,1,3,3,1,2,2,3,dp,BSE:TCS-A,1734956335.564746
4129.55,4129.5,4129.35,4129.3,4129.1,4131.75,4131.8,4131.95,4132.0,4132.05,6,11,3,6,6,8,10,20,19,14,1,2,1,1,1,3,3,2,3,2,dp,BSE:TCS-A,1734956336.738413
4129.1,4129.05,4129.0,4128.8,4128.7,4131.75,4131.8,4131.85,4131.9,4131.95,3,4,4,16,6,13,5,3,20,21,1,1,1,2,2,4,2,1,2,2,dp,BSE:TCS-A,1734956337.046575
4129.1,4129.05,4129.0,4128.8,4128.7,4131.75,4131.8,4131.95,4132.0,4132.05,3,4,4,16,6,8,5,16,14,14,1,1,1,2,2,3,2,1,2,2,dp,BSE:TCS-A,1734956337.938957
4129.1,4129.05,4129.0,4128.8,4128.7,4131.7,4131.75,4131.8,4131.95,4132.0,3,4,4,16,6,8,5,4,16,14,1,1,1,2,2,3,2,1,1,2,dp,BSE:TCS-A,1734956338.243608
4129.1,4129.05,4129.0,4128.8,4128.7,4131.65,4131.7,4131.75,4131.8,4131.95,3,4,4,16,6,9,45,20,4,16,1,1,1,2,2,3,3,2,1,1,dp,BSE:TCS-A,1734956339.157252
4129.1,4129.05,4129.0,4128.8,4128.7,4131.65,4131.7,4131.75,4131.8,4131.95,3,4,4,16,6,9,45,20,4,18,1,1,1,2,2,3,3,2,1,2,dp,BSE:TCS-A,1734956339.949815
4129.1,4129.05,4129.0,4128.8,4128.7,4131.65,4131.7,4131.75,4131.8,4131.85,3,4,4,16,6,9,45,20,6,5,1,1,1,2,2,3,3,2,3,1,dp,BSE:TCS-A,1734956340.353622
4129.1,4129.05,4129.0,4128.8,4128.7,4131.65,4131.7,4131.75,4131.8,4131.95,3,4,4,16,6,9,45,4,4,16,1,1,1,2,2,3,3,1,1,1,dp,BSE:TCS-A,1734956341.217826
4129.1,4129.05,4129.0,4128.8,4128.7,4131.7,4131.75,4131.8,4131.95,4132.0,3,4,4,16,6,40,20,4,16,14,1,1,1,2,2,1,2,1,1,2,dp,BSE:TCS-A,1734956342.401614
4129.0,4128.8,4128.6,4128.55,4128.5,4131.65,4131.7,4131.75,4131.8,4131.85,4,6,10,4,6,45,65,26,84,5,1,1,2,1,1,8,5,3,2,1,dp,BSE:TCS-A,1734956343.555285
4130.0,4129.05,4129.0,4128.8,4128.6,4131.6,4131.65,4131.7,4131.75,4131.8,1,3,4,16,17,17,15,53,4,4,1,1,1,2,3,3,3,3,1,1,dp,BSE:TCS-A,1734956346.652811
4130.0,4129.05,4129.0,4128.8,4128.6,4131.6,4131.65,4131.7,4131.75,4131.8,1,3,4,26,17,17,15,50,4,4,1,1,1,4,3,3,3,3,1,1,dp,BSE:TCS-A,1734956350.684717
4130.0,4129.5,4129.45,4129.25,4129.05,4131.6,4131.65,4131.7,4131.75,4131.8,7,3,6,6,6,7,5,4,4,4,2,1,1,1,1,2,2,1,1,1,dp,BSE:TCS-A,1734956355.97139
4130.0,4129.45,4129.3,4129.25,4129.05,4131.6,4131.65,4131.7,4131.75,4131.8,7,6,3,6,6,7,5,48,4,4,2,1,1,1,1,2,2,2,1,1,dp,BSE:TCS-A,1734956357.21038
4130.0,4129.45,4129.3,4129.25,4129.05,4131.6,4131.65,4131.7,4131.75,4131.8,7,6,3,6,6,7,5,39,4,4,2,1,1,1,1,2,2,2,1,1,dp,BSE:TCS-A,1734956358.492405
4130.0,4129.45,4129.3,4129.25,4129.05,4131.6,4131.65,4131.7,4131.75,4131.8,7,6,3,6,6,7,5,41,4,4,2,1,1,1,1,2,2,2,1,1,dp,BSE:TCS-A,1734956359.572954
4130.0,4129.45,4129.25,4129.1,4129.05,4131.6,4131.65,4131.7,4131.75,4131.8,7,6,6,3,6,7,5,41,4,4,2,1,1,1,1,2,2,2,1,1,dp,BSE:TCS-A,1734956360.366038
4130.0,4129.45,4129.3,4129.25,4129.05,4131.6,4131.65,4131.7,4131.75,4131.8,7,6,3,6,6,7,5,41,4,4,2,1,1,1,1,2,2,2,1,1,dp,BSE:TCS-A,1734956360.781547
4129.45,4129.3,4129.25,4129.05,4129.0,4131.6,4131.65,4131.7,4131.75,4131.8,10,3,6,6,6,7,5,4,4,4,2,1,1,1,1,2,2,1,1,1,dp,BSE:TCS-A,1734956363.30411
4129.45,4129.3,4129.25,4129.05,4129.0,4131.6,4131.65,4131.7,4131.75,4131.8,10,3,6,6,6,7,5,4,4,4,2,1,1,1,1,2,2,1,1,1,dp,BSE:TCS-A,1734956364.474313
4129.5,4129.45,4129.25,4129.05,4129.0,4131.6,4131.65,4131.7,4131.75,4131.8,8,10,6,6,6,7,5,4,4,4,2,2,1,1,1,2,2,1,1,1,dp,BSE:TCS-A,1734956366.494247
4129.5,4129.45,4129.25,4129.05,4129.0,4131.6,4131.65,4131.7,4131.75,4131.8,8,10,6,6,6,1,1,4,4,4,2,2,1,1,1,1,1,1,1,1,dp,BSE:TCS-A,1734956369.280255
4130.0,4129.65,4129.6,4129.55,4129.5,4132.1,4132.15,4132.2,4132.25,4132.3,5,8,4,4,5,10,5,10,10,10,2,3,1,1,1,1,3,1,1,1,dp,BSE:TCS-A,1734956371.629392
4130.0,4129.65,4129.6,4129.55,4129.5,4132.1,4132.15,4132.2,4132.25,4132.3,5,8,4,4,5,16,5,10,10,15,2,3,1,1,1,2,3,1,1,2,dp,BSE:TCS-A,1734956372.107497
4130.0,4129.65,4129.6,4129.55,4129.5,4132.1,4132.15,4132.2,4132.25,4132.3,5,8,4,4,5,16,5,10,10,10,2,3,1,1,1,2,3,1,1,1,dp,BSE:TCS-A,1734956372.833944
4130.0,4129.65,4129.6,4129.55,4129.5,4132.1,4132.15,4132.2,4132.25,4132.3,5,5,17,4,5,6,5,25,16,114,2,2,3,1,1,1,3,3,1,3,dp,BSE:TCS-A,1734956374.087202
4130.0,4129.7,4129.65,4129.6,4129.55,4132.1,4132.15,4132.25,4132.3,4132.35,4,3,5,14,4,6,5,16,10,7,2,1,2,2,1,1,3,1,1,1,dp,BSE:TCS-A,1734956375.291854
4128.4,4128.35,4128.15,4128.0,4127.95,4130.9,4130.95,4131.0,4131.05,4131.1,4,7,6,16,6,7,45,4,4,8,2,2,1,2,1,2,2,1,1,2,dp,BSE:TCS-A,1734956382.061745
4128.45,4128.4,4128.35,4128.15,4128.0,4130.75,4130.8,4130.85,4130.9,4130.95,4,1,6,6,6,19,16,21,4,55,2,1,1,1,1,3,2,2,1,4,dp,BSE:TCS-A,1734956384.181677
4128.5,4128.45,4128.35,4128.15,4128.0,4130.7,4130.75,4130.8,4130.85,4130.9,8,6,6,6,16,4,16,16,5,4,3,2,1,1,2,1,2,2,1,1,dp,BSE:TCS-A,1734956385.388938
4128.5,4128.45,4128.35,4128.15,4128.0,4130.65,4130.7,4130.75,4130.8,4130.85,8,6,6,6,16,3,4,16,16,5,3,2,1,1,2,1,1,2,2,1,dp,BSE:TCS-A,1734956385.681055
4128.55,4128.5,4128.45,4128.35,4128.15,4130.7,4130.75,4130.8,4130.85,4130.9,10,5,5,6,6,4,16,16,5,4,3,2,1,1,1,1,2,2,1,1,dp,BSE:TCS-A,1734956387.791508
4128.6,4128.55,4128.5,4128.45,4128.35,4130.7,4130.75,4130.8,4130.85,4130.9,8,7,4,5,6,4,6,16,5,4,3,2,1,1,1,1,1,2,1,1,dp,BSE:TCS-A,1734956388.111218
4128.6,4128.55,4128.5,4128.45,4128.4,4130.55,4130.6,4130.65,4130.7,4130.75,5,7,4,5,3,9,5,4,4,6,2,2,1,1,1,2,1,1,1,1,dp,BSE:TCS-A,1734956390.885721
4128.6,4128.55,4128.5,4128.45,4128.35,4130.5,4130.55,4130.6,4130.65,4130.7,5,10,4,5,6,5,6,5,4,4,2,3,1,1,1,1,1,1,1,1,dp,BSE:TCS-A,1734956392.176404
4128.6,4128.55,4128.35,4128.15,4128.0,4130.45,4130.5,4130.55,4130.6,4130.65,1,1,6,6,16,7,5,6,5,4,1,1,1,1,2,2,1,1,1,1,dp,BSE:TCS-A,1734956393.395922
4128.6,4128.55,4128.4,4128.35,4128.15,4130.45,4130.5,4130.55,4130.6,4130.65,1,1,3,6,6,4,5,6,5,4,1,1,1,1,1,1,1,1,1,1,dp,BSE:TCS-A,1734956394.092256
4128.6,4128.55,4128.35,4128.2,4128.15,4130.35,4130.4,4130.45,4130.5,4130.55,1,1,6,3,6,3,5,4,5,6,1,1,1,1,1,1,1,1,1,1,dp,BSE:TCS-A,1734956396.489872
4128.6,4128.55,4128.35,4128.2,4128.15,4130.3,4130.35,4130.4,4130.45,4130.5,1,1,6,3,6,4,4,5,4,5,1,1,1,1,1,1,1,1,1,1,dp,BSE:TCS-A,1734956397.806254
4127.0,4126.95,4126.9,4126.85,4126.8,4129.5,4129.55,4129.6,4129.65,4129.7,6,6,6,6,5,8,16,26,16,31,1,1,1,1,1,3,5,6,2,3,dp,BSE:TCS-A,1734956401.863519
4127.0,4126.95,4126.9,4126.85,4126.8,4129.35,4129.4,4129.45,4129.5,4129.55,6,6,6,6,5,13,7,43,4,24,1,1,1,1,1,4,3,2,1,3,dp,BSE:TCS-A,1734956402.989295
4126.0,4125.85,4125.75,4125.65,4125.6,4129.25,4129.3,4129.35,4129.4,4129.45,4,6,2,6,5,18,108,18,23,109,1,1,1,1,3,4,7,2,3,2,dp,BSE:TCS-A,1734956405.793805
4126.05,4126.0,4125.85,4125.75,4125.65,4129.1,4129.2,4129.25,4129.3,4129.35,3,4,6,2,6,17,21,24,93,7,1,1,1,1,1,3,4,4,4,1,dp,BSE:TCS-A,1734956406.643697
4126.05,4126.0,4125.85,4125.75,4125.65,4129.1,4129.15,4129.2,4129.25,4129.3,3,4,6,2,6,17,19,16,72,37,1,1,1,1,1,3,3,3,6,4,dp,BSE:TCS-A,1734956407.000628
4126.65,4126.6,4126.4,4126.2,4126.05,4129.1,4129.2,4129.25,4129.3,4129.4,17,20,16,6,21,1,6,14,4,2,3,3,2,1,3,1,2,3,1,1,dp,BSE:TCS-A,1734956410.286473
4126.65,4126.6,4126.4,4126.2,4126.05,4129.1,4129.2,4129.25,4129.3,4129.4,17,20,16,6,21,5,6,14,4,2,3,3,2,1,3,2,2,3,1,1,dp,BSE:TCS-A,1734956410.597916
4126.65,4126.6,4126.4,4126.2,4126.05,4129.1,4129.2,4129.25,4129.3,4129.4,17,20,16,6,21,1,1,10,4,2,3,3,2,1,3,1,1,2,1,1,dp,BSE:TCS-A,1734956411.409144
4126.65,4126.6,4126.4,4126.2,4126.05,4129.1,4129.2,4129.25,4129.4,4129.45,17,20,16,6,21,1,1,10,2,33,3,3,2,1,3,1,1,2,1,1,dp,BSE:TCS-A,1734956412.608814
4126.65,4126.6,4126.4,4126.2,4126.05,4129.25,4129.4,4129.55,4129.6,4129.65,18,21,16,6,21,10,2,4,20,6,4,4,2,1,3,2,1,1,4,1,dp,BSE:TCS-A,1734956413.091164
4126.7,4126.65,4126.6,4126.4,4126.2,4129.4,4129.6,4129.75,4129.8,4129.85,17,18,20,16,6,2,12,5,4,12,4,4,3,2,1,1,2,1,1,2,dp,BSE:TCS-A,1734956415.099487
4126.85,4126.8,4126.75,4126.7,4126.65,4129.4,4129.45,4129.6,4129.75,4129.8,8,6,4,16,14,5,6,14,5,4,3,2,1,3,2,1,1,3,1,1,dp,BSE:TCS-A,1734956416.344726
4127.25,4127.05,4127.0,4126.85,4126.8,4129.4,4129.45,4129.6,4129.75,4129.8,7,9,4,11,5,5,43,19,21,13,2,2,1,3,1,1,2,4,2,2,dp,BSE:TCS-A,1734956418.306341
4127.25,4127.05,4127.0,4126.85,4126.8,4129.4,4129.45,4129.6,4129.75,4129.8,7,6,4,11,5,5,43,19,21,4,2,1,1,3,1,1,2,4,2,1,dp,BSE:TCS-A,1734956419.004349
4127.25,4127.05,4127.0,4126.85,4126.8,4129.4,4129.45,4129.6,4129.7,4129.75,7,6,4,11,5,5,43,19,5,104,2,1,1,3,1,1,2,4,1,2,dp,BSE:TCS-A,1734956420.201946
4126.85,4126.8,4126.75,4126.7,4126.65,4129.0,4129.1,4129.2,4129.25,4129.35,1,3,5,6,4,20,25,9,13,16,1,1,2,1,1,3,3,2,2,3,dp,BSE:TCS-A,1734956421.523832
4126.05,4126.0,4125.8,4125.75,4125.65,4128.8,4128.85,4128.95,4129.0,4129.05,3,6,6,2,2,22,29,16,26,16,1,1,1,1,2,4,6,2,4,1,dp,BSE:TCS-A,1734956422.704637
4126.05,4126.0,4125.8,4125.75,4125.65,4128.75,4128.8,4128.85,4128.9,4128.95,3,6,6,2,2,6,17,18,3,16,1,1,1,1,2,2,3,3,1,2,dp,BSE:TCS-A,1734956424.329653
4126.05,4126.0,4125.8,4125.75,4125.65,4128.75,4128.8,4128.85,4128.9,4128.95,3,6,6,2,4,5,22,16,2,32,1,1,1,1,3,2,4,2,1,3,dp,BSE:TCS-A,1734956430.329119
4126.0,4125.85,4125.8,4125.75,4125.65,4128.75,4128.8,4128.85,4128.9,4128.95,6,3,6,2,4,46,17,16,10,38,1,1,1,1,3,9,3,2,1,4,dp,BSE:TCS-A,1734956431.53989
4126.0,4125.85,4125.8,4125.75,4125.65,4128.7,4128.75,4128.8,4128.85,4128.9,6,3,6,2,4,6,41,16,16,10,1,1,1,1,3,2,8,2,2,1,dp,BSE:TCS-A,1734956431.931175
4126.05,4126.0,4125.8,4125.75,4125.65,4128.6,4128.65,4128.7,4128.75,4128.8,3,6,6,2,2,11,6,71,20,16,1,1,1,1,2,3,2,4,5,2,dp,BSE:TCS-A,1734956433.947777
4126.05,4126.0,4125.8,4125.75,4125.65,4128.55,4128.6,4128.65,4128.7,4128.75,3,6,6,2,2,12,26,15,47,24,1,1,1,1,2,3,4,3,2,3,dp,BSE:TCS-A,1734956436.719149
4126.05,4126.0,4125.8,4125.75,4125.65,4128.45,4128.5,4128.65,4128.7,4128.75,3,6,6,2,2,6,1,12,37,25,1,1,1,1,2,2,1,3,1,3,dp,BSE:TCS-A,1734956437.937999
4127.6,4126.05,4126.0,4125.8,4125.75,4128.45,4128.5,4128.55,4128.6,4128.65,3,3,6,6,2,10,1,4,18,5,1,1,1,1,1,3,1,2,2,1,dp,BSE:TCS-A,1734956440.02152
4126.05,4126.0,4125.8,4125.75,4125.65,4128.45,4128.5,4128.55,4128.6,4128.7,3,6,6,2,2,10,1,25,5,136,1,1,1,1,2,3,1,4,1,2,dp,BSE:TCS-A,1734956441.226249
4126.05,4126.0,4125.8,4125.75,4125.65,4128.45,4128.5,4128.55,4128.65,4128.7,3,6,6,2,2,5,1,1,5,37,1,1,1,1,2,2,1,1,1,1,dp,BSE:TCS-A,1734956442.732987
4126.0,4125.8,4125.75,4125.65,4125.6,4128.45,4128.5,4128.55,4128.6,4128.7,6,6,2,2,16,5,1,1,5,37,1,1,1,2,2,2,1,1,1,1,dp,BSE:TCS-A,1734956445.314624
4126.0,4125.85,4125.8,4125.75,4125.65,4128.45,4128.5,4128.55,4128.6,4128.7,6,3,6,2,2,5,1,2,5,37,1,1,1,1,2,2,1,2,1,1,dp,BSE:TCS-A,1734956445.622045
4126.05,4126.0,4125.8,4125.75,4125.65,4128.45,4128.5,4128.7,4128.75,4128.8,3,6,6,2,2,5,1,37,20,10,1,1,1,1,2,2,1,1,2,1,dp,BSE:TCS-A,1734956446.846677
4126.05,4126.0,4125.8,4125.75,4125.65,4128.45,4128.5,4128.7,4128.75,4128.8,3,6,6,2,2,5,1,40,6,26,1,1,1,1,2,2,1,3,2,2,dp,BSE:TCS-A,1734956447.624491
4126.0,4125.85,4125.8,4125.75,4125.65,4128.45,4128.5,4128.7,4128.75,4128.8,6,3,6,2,2,5,1,34,4,26,1,1,1,1,2,2,1,1,1,2,dp,BSE:TCS-A,1734956449.227942
4126.0,4125.8,4125.75,4125.7,4125.65,4128.45,4128.5,4128.65,4128.7,4128.75,6,6,2,3,2,5,1,13,35,4,1,1,1,1,2,2,1,1,1,1,dp,BSE:TCS-A,1734956450.073013
4125.8,4125.75,4125.6,4125.4,4125.35,4127.8,4127.85,4127.9,4127.95,4128.0,6,2,6,6,8,40,20,2,54,14,1,1,1,1,2,6,5,1,3,2,dp,BSE:TCS-A,1734956451.253191
4125.8,4125.75,4125.6,4125.4,4125.35,4127.75,4127.8,4127.85,4127.9,4127.95,6,2,6,6,8,31,15,19,2,54,1,1,1,1,2,5,3,4,1,3,dp,BSE:TCS-A,1734956451.900379
4125.0,4124.8,4124.65,4124.6,4124.5,4127.7,4127.75,4127.8,4127.85,4127.9,10,6,3,6,4,45,32,29,19,100,3,1,1,1,1,8,4,4,4,3,dp,BSE:TCS-A,1734956452.504349
4125.0,4124.85,4124.8,4124.6,4124.5,4127.6,4127.65,4127.7,4127.75,4127.8,10,3,6,6,4,20,35,19,31,143,3,1,1,1,1,4,5,3,3,6,dp,BSE:TCS-A,1734956453.718917
4125.0,4124.85,4124.8,4124.6,4124.5,4127.55,4127.6,4127.65,4127.7,4127.75,10,3,6,6,4,10,15,34,14,31,3,1,1,1,1,3,3,4,2,3,dp,BSE:TCS-A,1734956454.05663
4125.0,4124.8,4124.6,4124.55,4124.5,4126.85,4127.0,4127.2,4127.45,4127.5,4,6,6,3,4,6,5,49,21,50,2,1,1,1,1,1,1,2,3,8,dp,BSE:TCS-A,1734956456.137476
4125.0,4124.85,4124.8,4124.6,4124.5,4126.8,4126.85,4126.95,4127.0,4127.2,4,3,7,6,4,5,6,1,5,42,2,1,2,1,1,1,1,1,1,2,dp,BSE:TCS-A,1734956457.672328
4125.0,4124.5,4124.45,4124.3,4124.2,4126.7,4126.75,4126.8,4126.85,4126.9,4,7,4,1,2,12,21,14,66,4,2,2,1,1,1,3,4,4,2,1,dp,BSE:TCS-A,1734956464.050952
4125.0,4124.55,4124.5,4124.45,4124.3,4126.7,4126.75,4126.8,4126.85,4127.0,4,3,4,4,1,7,10,19,11,10,2,1,1,1,1,2,3,3,3,2,dp,BSE:TCS-A,1734956464.944116
4125.0,4124.5,4124.45,4124.3,4124.2,4126.7,4126.75,4126.8,4126.85,4126.9,4,7,4,1,2,7,22,5,11,4,2,2,1,1,1,2,5,1,3,1,dp,BSE:TCS-A,1734956465.64383
4125.05,4125.0,4124.8,4124.5,4124.45,4127.2,4127.5,4127.7,4127.75,4127.8,3,9,10,4,4,40,11,6,21,4,1,3,1,1,1,1,3,2,2,1,dp,BSE:TCS-A,1734956466.142755
4125.2,4125.15,4125.0,4124.95,4124.85,4127.5,4127.7,4127.75,4127.8,4127.85,1,1,9,6,3,10,6,5,20,15,1,1,3,1,1,2,2,1,2,3,dp,BSE:TCS-A,1734956468.864962
4125.2,4125.15,4125.0,4124.95,4124.85,4127.5,4127.7,4127.75,4127.8,4127.85,1,1,9,6,3,16,6,30,119,30,1,1,3,1,1,3,2,4,3,5,dp,BSE:TCS-A,1734956470.151016
4125.2,4125.15,4125.0,4124.95,4124.8,4127.45,4127.5,4127.7,4127.75,4127.8,1,1,9,6,10,5,16,31,5,124,1,1,3,1,1,1,3,5,1,4,dp,BSE:TCS-A,1734956471.353024
4125.2,4125.15,4125.0,4124.95,4124.85,4127.45,4127.5,4127.7,4127.75,4127.8,1,1,9,6,3,5,16,31,5,124,1,1,3,1,1,1,3,5,1,4,dp,BSE:TCS-A,1734956472.988261
4125.2,4125.15,4125.0,4124.95,4124.8,4127.45,4127.5,4127.7,4127.75,4127.8,1,1,12,6,10,5,16,11,25,119,1,1,4,1,1,1,3,3,3,3,dp,BSE:TCS-A,1734956473.744044
4125.2,4125.15,4125.05,4125.0,4124.95,4127.45,4127.5,4127.7,4127.75,4127.8,1,1,3,9,6,5,16,6,5,20,1,1,1,3,1,1,3,2,1,2,dp,BSE:TCS-A,1734956474.952901
4125.0,4124.55,4124.5,4124.45,4124.3,4126.85,4127.0,4127.2,4127.35,4127.4,4,3,4,4,1,6,16,36,10,30,2,1,1,1,1,2,4,1,1,3,dp,BSE:TCS-A,1734956475.342284
4125.35,4125.05,4125.0,4124.8,4124.55,4127.8,4127.9,4127.95,4128.0,4128.05,1,1,8,10,3,9,39,36,20,10,1,1,3,1,1,3,6,2,2,1,dp,BSE:TCS-A,1734956477.753443
4125.35,4125.05,4125.0,4124.85,4124.8,4127.75,4127.8,4127.85,4127.9,4127.95,1,1,8,3,10,7,20,5,19,42,1,1,3,1,1,2,2,1,4,2,dp,BSE:TCS-A,1734956478.559026
4125.35,4125.05,4125.0,4124.85,4124.8,4127.7,4127.8,4127.85,4127.9,4127.95,1,1,8,3,10,7,20,5,19,42,1,1,3,1,1,2,2,1,4,2,dp,BSE:TCS-A,1734956478.956746
4125.0,4124.5,4124.45,4124.3,4124.2,4126.85,4127.0,4127.2,4127.35,4127.4,4,4,4,7,2,6,22,34,16,44,2,1,1,2,1,2,5,2,2,6,dp,BSE:TCS-A,1734956482.411806
4125.0,4124.5,4124.45,4124.35,4124.3,4126.8,4126.85,4126.9,4126.95,4127.0,4,4,4,3,7,26,16,10,11,5,2,1,1,1,2,4,3,1,2,1,dp,BSE:TCS-A,1734956482.96463
4125.0,4124.5,4124.45,4124.3,4124.25,4126.75,4126.8,4126.85,4126.9,4126.95,4,4,4,7,3,26,1,15,10,11,2,1,1,2,1,4,1,2,1,2,dp,BSE:TCS-A,1734956485.066548
4125.0,4124.85,4124.8,4124.6,4124.5,4127.1,4127.2,4127.35,4127.45,4127.6,5,3,10,1,4,16,31,1,6,4,3,1,1,1,1,3,1,1,3,1,dp,BSE:TCS-A,1734956488.571231
4125.05,4125.0,4124.8,4124.5,4124.45,4127.1,4127.2,4127.75,4127.9,4127.95,4,9,10,4,10,10,35,1,6,39,2,4,1,1,2,2,1,1,3,1,dp,BSE:TCS-A,1734956490.166432
4125.2,4125.15,4125.1,4125.05,4125.0,4128.3,4128.65,4128.7,4128.75,4128.85,14,17,3,10,8,36,16,114,4,122,3,3,1,1,3,2,1,3,1,3,dp,BSE:TCS-A,1734956491.35937
4125.3,4125.25,4125.2,4125.15,4125.05,4128.7,4128.75,4128.8,4128.85,4128.9,4,11,10,16,10,51,4,5,142,15,2,2,1,2,1,2,1,1,3,3,dp,BSE:TCS-A,1734956492.576378
4125.3,4125.25,4125.2,4125.15,4125.05,4128.7,4128.75,4128.8,4128.85,4128.9,14,21,10,16,10,56,6,21,43,15,3,4,1,2,1,3,2,3,2,3,dp,BSE:TCS-A,1734956494.165468
4125.3,4125.25,4125.2,4125.15,4125.1,4128.65,4128.7,4128.75,4128.8,4128.85,14,21,10,16,3,1,56,4,18,43,3,4,1,2,1,1,3,1,2,2,dp,BSE:TCS-A,1734956495.074313
4126.05,4125.3,4125.05,4125.0,4124.95,4128.55,4128.6,4128.65,4128.7,4128.75,1,7,3,8,6,51,16,6,95,10,1,2,1,3,1,2,1,1,5,3,dp,BSE:TCS-A,1734956496.265004
4126.05,4125.35,4125.3,4125.1,4125.0,4128.5,4128.55,4128.6,4128.65,4128.7,1,3,7,3,8,21,77,16,16,107,1,1,2,1,3,4,5,1,3,3,dp,BSE:TCS-A,1734956496.670119
4125.0,4124.95,4124.85,4124.8,4124.75,4127.65,4127.8,4127.9,4127.95,4128.0,8,6,3,10,6,10,13,27,44,13,3,1,1,1,1,3,3,4,1,2,dp,BSE:TCS-A,1734956497.481585
4125.05,4125.0,4124.95,4124.8,4124.75,4127.55,4127.6,4127.65,4127.8,4127.9,3,8,6,10,6,10,5,6,8,28,1,3,1,1,1,3,1,2,2,4,dp,BSE:TCS-A,1734956498.672675
4125.05,4125.0,4124.95,4124.8,4124.75,4127.55,4127.6,4127.65,4127.7,4127.8,3,8,6,10,6,10,5,6,3,8,1,3,1,1,1,3,1,2,1,2,dp,BSE:TCS-A,1734956499.020457
4125.0,4124.95,4124.8,4124.75,4124.55,4127.55,4127.6,4127.65,4127.7,4127.8,8,6,10,6,6,10,5,4,16,8,3,1,1,1,1,3,1,1,1,2,dp,BSE:TCS-A,1734956499.885963
4125.0,4124.95,4124.8,4124.75,4124.55,4127.5,4127.55,4127.6,4127.65,4127.7,8,6,3,6,6,14,4,9,4,16,3,1,1,1,1,5,1,3,1,1,dp,BSE:TCS-A,1734956500.266983
4125.0,4124.95,4124.8,4124.75,4124.55,4127.5,4127.55,4127.6,4127.65,4127.7,8,6,3,6,6,24,20,10,80,16,3,1,1,1,1,6,2,3,3,1,dp,BSE:TCS-A,1734956501.068347
4125.0,4124.95,4124.75,4124.6,4124.55,4127.45,4127.5,4127.55,4127.6,4127.65,8,6,6,3,6,46,35,25,15,76,3,1,1,1,1,8,5,3,2,2,dp,BSE:TCS-A,1734956501.375783
4126.65,4125.0,4124.95,4124.75,4124.55,4127.4,4127.45,4127.5,4127.55,4127.6,10,7,6,6,6,22,16,47,9,9,1,3,1,1,1,5,3,6,2,2,dp,BSE:TCS-A,1734956502.274946
4126.65,4125.05,4125.0,4124.95,4124.75,4127.35,4127.4,4127.45,4127.5,4127.55,10,3,4,6,6,12,16,14,47,9,1,1,2,1,1,4,3,2,6,2,dp,BSE:TCS-A,1734956502.579338
4126.65,4125.05,4125.0,4124.95,4124.75,4127.25,4127.3,4127.35,4127.4,4127.45,10,3,4,6,6,6,5,4,14,14,1,1,2,1,1,1,2,1,2,2,dp,BSE:TCS-A,1734956503.826945
4126.65,4125.15,4125.1,4125.0,4124.95,4127.3,4127.55,4127.6,4127.65,4127.8,5,3,5,4,6,1,4,5,4,8,1,1,1,2,1,1,1,1,1,2,dp,BSE:TCS-A,1734956505.070452
4126.65,4125.15,4125.1,4125.0,4124.95,4127.3,4127.55,4127.6,4127.65,4127.8,5,3,5,8,6,1,4,5,4,8,1,1,1,3,1,1,1,1,1,2,dp,BSE:TCS-A,1734956505.880479
4126.65,4125.15,4125.1,4125.0,4124.95,4127.55,4127.6,4127.65,4127.8,4127.9,5,4,5,8,6,4,5,4,8,12,1,2,1,3,1,1,1,1,2,3,dp,BSE:TCS-A,1734956507.177676
4126.65,4126.4,4126.05,4126.0,4125.8,4128.35,4128.45,4128.5,4128.55,4128.65,5,10,3,5,6,4,4,4,4,6,1,1,1,1,1,1,1,1,1,1,dp,BSE:TCS-A,1734956507.791813
4126.65,4126.0,4125.65,4125.6,4125.25,4128.35,4128.45,4128.5,4128.55,4128.65,5,4,3,10,6,4,5,4,4,6,1,1,1,1,1,2,2,1,1,1,dp,BSE:TCS-A,1734956511.491561
4126.65,4125.65,4125.6,4125.2,4125.15,4128.35,4128.45,4128.5,4128.55,4128.6,5,3,10,5,6,4,5,4,4,5,1,1,1,1,1,2,2,1,1,1,dp,BSE:TCS-A,1734956512.283489
4126.65,4126.0,4125.65,4125.6,4125.2,4128.35,4128.45,4128.5,4128.55,4128.65,5,4,3,10,5,4,5,4,4,6,1,1,1,1,1,2,2,1,1,1,dp,BSE:TCS-A,1734956513.487365
4126.65,4126.0,4125.65,4125.6,4125.2,4128.35,4128.45,4128.5,4128.55,4128.65,5,5,3,10,5,4,5,4,4,6,1,1,1,1,1,2,2,1,1,1,dp,BSE:TCS-A,1734956514.704842
4126.65,4126.0,4125.95,4125.8,4125.75,4128.3,4128.35,4128.45,4128.5,4128.55,5,5,6,3,6,12,4,4,27,13,1,1,1,1,1,3,2,1,4,3,dp,BSE:TCS-A,1734956517.586718
4126.65,4126.0,4125.95,4125.8,4125.75,4128.3,4128.35,4128.45,4128.5,4128.55,5,5,6,3,6,7,4,4,4,4,1,1,1,1,1,2,2,1,1,1,dp,BSE:TCS-A,1734956517.983491
4126.65,4126.05,4126.0,4125.95,4125.75,4128.3,4128.35,4128.45,4128.5,4128.55,5,3,5,6,6,7,4,4,4,4,1,1,1,1,1,2,2,1,1,1,dp,BSE:TCS-A,1734956519.989723
4126.65,4126.05,4126.0,4125.95,4125.75,4128.3,4128.35,4128.65,4128.7,4128.75,5,3,5,6,6,1,1,6,39,9,1,1,1,1,1,1,1,1,2,2,dp,BSE:TCS-A,1734956523.502153
4126.7,4126.65,4126.4,4126.05,4126.0,4129.4,4129.45,4129.6,4129.65,4129.7,1,6,10,3,11,37,40,9,2,99,1,2,1,1,2,2,1,3,1,1,dp,BSE:TCS-A,1734956523.900501
4126.8,4126.75,4126.65,4126.4,4126.0,4129.4,4129.45,4129.6,4129.65,4129.7,4,1,5,10,11,37,40,9,2,99,2,1,1,1,2,2,1,3,1,1,dp,BSE:TCS-A,1734956524.797058
4126.8,4126.75,4126.65,4126.4,4126.0,4129.4,4129.45,4129.6,4129.65,4129.7,4,1,5,10,11,37,40,9,2,85,2,1,1,1,2,2,1,3,1,1,dp,BSE:TCS-A,1734956525.192232
4126.85,4126.8,4126.7,4126.65,4126.4,4129.4,4129.45,4129.6,4129.65,4129.75,1,1,3,5,10,37,36,9,2,21,1,1,1,1,1,2,1,3,1,2,dp,BSE:TCS-A,1734956526.011809
4126.85,4126.8,4126.7,4126.65,4126.4,4129.4,4129.45,4129.5,4129.55,4129.6,1,1,3,5,10,37,93,15,2,90,1,1,1,1,1,2,2,3,1,7,dp,BSE:TCS-A,1734956527.198022
4126.85,4126.8,4126.7,4126.65,4126.4,4129.3,4129.35,4129.4,4129.45,4129.6,5,1,3,5,10,4,7,38,36,9,2,1,1,1,1,1,2,3,1,3,dp,BSE:TCS-A,1734956528.399889
4127.0,4126.95,4126.9,4126.85,4126.65,4129.3,4129.35,4129.4,4129.45,4129.6,7,5,5,4,5,5,7,37,44,19,2,1,1,1,1,2,2,2,1,4,dp,BSE:TCS-A,1734956529.997808
4127.0,4126.95,4126.9,4126.85,4126.65,4129.3,4129.35,4129.4,4129.45,4129.6,7,5,5,4,5,5,7,37,33,19,2,1,1,1,1,2,2,2,1,4,dp,BSE:TCS-A,1734956531.999319
4127.0,4126.95,4126.9,4126.85,4126.65,4129.3,4129.35,4129.4,4129.45,4129.5,4,5,8,4,5,5,7,37,34,16,1,1,2,1,1,2,2,2,1,1,dp,BSE:TCS-A,1734956534.012747
4127.0,4126.95,4126.9,4126.85,4126.7,4129.3,4129.35,4129.4,4129.45,4129.5,4,5,5,4,3,5,7,37,34,16,1,1,1,1,1,2,2,2,1,1,dp,BSE:TCS-A,1734956534.806474
4127.0,4126.95,4126.9,4126.85,4126.65,4129.3,4129.35,4129.4,4129.45,4129.6,7,5,5,4,5,4,7,37,36,19,2,1,1,1,1,2,2,2,1,4,dp,BSE:TCS-A,1734956537.203687
4127.0,4126.95,4126.9,4126.85,4126.7,4129.3,4129.35,4129.4,4129.45,4129.6,4,5,5,4,3,4,20,37,36,23,1,1,1,1,1,2,3,2,1,5,dp,BSE:TCS-A,1734956538.812676
4127.0,4126.95,4126.9,4126.85,4126.65,4129.3,4129.35,4129.4,4129.45,4129.6,7,5,5,4,5,4,20,37,43,21,2,1,1,1,1,2,3,2,1,5,dp,BSE:TCS-A,1734956542.559094
4126.65,4126.05,4126.0,4125.9,4125.75,4128.85,4128.95,4129.0,4129.05,4129.15,5,3,5,2,6,15,19,16,84,4,1,1,1,1,1,3,5,1,1,1,dp,BSE:TCS-A,1734956543.760097
4126.65,4126.05,4126.0,4125.9,4125.75,4128.85,4128.95,4129.0,4129.1,4129.15,5,3,5,2,6,15,18,1,5,14,1,1,1,1,1,3,4,1,1,2,dp,BSE:TCS-A,1734956544.904501
4126.65,4125.95,4125.9,4125.75,4125.6,4128.85,4128.95,4129.0,4129.25,4129.3,5,3,2,6,10,15,17,4,20,29,1,1,1,1,1,3,3,1,3,3,dp,BSE:TCS-A,1734956546.025093
4126.65,4125.9,4125.8,4125.75,4125.55,4128.85,4128.9,4128.95,4129.0,4129.15,5,2,3,6,6,20,20,43,103,98,1,1,1,1,1,4,2,7,2,2,dp,BSE:TCS-A,1734956547.309117
4126.65,4125.9,4125.05,4125.0,4124.9,4128.55,4128.6,4128.65,4128.7,4128.75,5,2,3,8,2,39,79,21,49,60,1,1,1,3,1,8,5,3,4,1,dp,BSE:TCS-A,1734956548.867782
4126.65,4125.9,4125.05,4125.0,4124.9,4128.5,4128.55,4128.6,4128.65,4128.7,5,2,3,8,2,11,37,79,14,45,1,1,1,3,1,4,5,4,2,3,dp,BSE:TCS-A,1734956549.614921
4126.65,4125.9,4125.05,4125.0,4124.9,4128.5,4128.55,4128.6,4128.65,4128.7,5,2,3,8,2,6,17,14,14,55,1,1,1,3,1,3,3,2,2,4,dp,BSE:TCS-A,1734956550.023162
4126.65,4126.05,4126.0,4125.95,4125.9,4128.5,4128.55,4128.6,4128.65,4128.7,5,3,5,6,2,5,17,14,14,47,1,1,1,1,1,2,3,2,2,4,dp,BSE:TCS-A,1734956550.965564
4126.65,4126.05,4126.0,4125.95,4125.9,4128.5,4128.55,4128.6,4128.65,4128.7,5,3,5,6,2,5,17,14,14,45,1,1,1,1,1,2,3,2,2,3,dp,BSE:TCS-A,1734956551.331201
4126.65,4126.0,4125.95,4125.9,4125.75,4128.5,4128.55,4128.6,4128.65,4128.7,5,8,6,2,6,5,17,14,24,45,1,2,1,1,1,2,3,2,4,3,dp,BSE:TCS-A,1734956552.016597
4126.65,4126.0,4125.95,4125.9,4125.75,4128.5,4128.55,4128.6,4128.65,4128.7,5,5,9,2,6,5,17,14,25,45,1,1,2,1,1,2,3,2,4,3,dp,BSE:TCS-A,1734956552.525672
4126.65,4125.95,4125.9,4125.75,4125.65,4128.35,4128.4,4128.45,4128.5,4128.55,5,6,2,6,3,105,42,21,105,16,1,1,1,1,1,3,8,3,3,2,dp,BSE:TCS-A,1734956554.922047
4126.65,4125.95,4125.9,4125.8,4125.75,4128.2,4128.25,4128.3,4128.35,4128.4,5,6,2,3,6,30,19,12,15,5,1,1,1,1,1,5,4,2,2,2,dp,BSE:TCS-A,1734956556.562048
4126.65,4125.95,4125.9,4125.75,4125.6,4127.9,4127.95,4128.0,4128.05,4128.15,5,6,2,6,10,26,40,6,16,15,1,1,1,1,1,4,3,1,2,3,dp,BSE:TCS-A,1734956557.720021
4125.05,4125.0,4124.85,4124.8,4124.65,4127.85,4127.9,4127.95,4128.0,4128.05,3,8,6,10,6,39,104,53,16,114,1,3,1,1,1,6,4,4,2,4,dp,BSE:TCS-A,1734956559.727825
4125.05,4125.0,4124.85,4124.8,4124.65,4127.85,4127.9,4127.95,4128.0,4128.1,3,8,6,10,6,39,5,38,131,7,1,3,1,1,1,6,3,3,4,1,dp,BSE:TCS-A,1734956560.928873
4125.05,4125.0,4124.85,4124.8,4124.65,4127.85,4127.9,4127.95,4128.0,4128.1,3,8,6,10,6,39,5,44,16,7,1,3,1,1,1,6,3,4,2,1,dp,BSE:TCS-A,1734956561.329517
4125.05,4125.0,4124.85,4124.8,4124.65,4127.85,4127.9,4127.95,4128.0,4128.05,3,8,6,10,6,15,16,50,25,81,1,3,1,1,1,4,3,4,4,1,dp,BSE:TCS-A,1734956562.527896
4125.05,4125.0,4124.85,4124.8,4124.65,4127.85,4127.9,4127.95,4128.0,4128.1,3,8,6,10,6,15,16,34,34,94,1,3,1,1,1,4,3,3,4,2,dp,BSE:TCS-A,1734956563.38704
4125.05,4125.0,4124.85,4124.8,4124.65,4127.85,4127.9,4127.95,4128.0,4128.1,3,8,6,10,6,15,16,34,34,94,1,3,1,1,1,4,3,3,4,2,dp,BSE:TCS-A,1734956565.117638
4125.05,4125.0,4124.85,4124.8,4124.65,4127.85,4127.9,4127.95,4128.0,4128.55,3,8,6,10,6,10,3,44,10,10,1,3,1,1,1,3,2,1,1,1,dp,BSE:TCS-A,1734956567.439732
4125.6,4125.45,4125.4,4125.2,4125.05,4127.85,4127.9,4127.95,4128.0,4128.55,10,3,6,6,6,10,3,44,14,11,2,1,1,1,1,3,2,1,2,2,dp,BSE:TCS-A,1734956568.628686
4125.6,4125.45,4125.4,4125.2,4125.05,4127.85,4127.9,4128.0,4128.55,4128.6,10,3,6,6,6,10,3,10,10,10,2,1,1,1,1,3,2,1,1,1,dp,BSE:TCS-A,1734956569.873773
4125.6,4125.45,4125.4,4125.2,4125.05,4127.85,4127.9,4127.95,4128.0,4128.55,10,3,6,6,6,3,3,38,10,10,2,1,1,1,1,2,2,1,1,1,dp,BSE:TCS-A,1734956571.027778
4125.6,4125.45,4125.4,4125.2,4125.05,4127.85,4127.9,4127.95,4128.0,4128.45,10,3,6,6,6,3,3,38,16,16,2,1,1,1,1,2,2,1,2,1,dp,BSE:TCS-A,1734956572.24917
4125.6,4125.45,4125.4,4125.2,4125.05,4127.85,4127.9,4128.0,4128.45,4128.5,10,3,6,6,6,5,16,16,16,2,2,1,1,1,1,3,3,2,1,1,dp,BSE:TCS-A,1734956573.436653
4125.0,4124.9,4124.85,4124.65,4124.45,4127.55,4127.65,4127.7,4127.75,4127.85,8,3,6,6,6,15,15,14,52,36,3,1,1,1,1,3,3,2,4,6,dp,BSE:TCS-A,1734956574.650706
4125.0,4124.85,4124.7,4124.65,4124.45,4127.55,4127.6,4127.65,4127.7,4127.75,8,6,3,6,6,34,19,19,47,18,3,1,1,1,1,6,3,4,3,3,dp,BSE:TCS-A,1734956575.054166
4125.0,4124.9,4124.85,4124.65,4124.45,4127.55,4127.6,4127.65,4127.7,4127.75,8,3,6,6,6,20,30,20,18,14,3,1,1,1,1,4,3,5,3,2,dp,BSE:TCS-A,1734956575.881853
4125.0,4124.9,4124.85,4124.65,4124.45,4127.5,4127.55,4127.6,4127.65,4127.7,8,3,6,6,6,11,33,110,19,14,3,1,1,1,1,3,5,4,3,2,dp,BSE:TCS-A,1734956576.238207
4125.0,4124.85,4124.7,4124.65,4124.45,4127.35,4127.45,4127.5,4127.55,4127.6,8,6,3,6,6,10,65,5,21,16,3,1,1,1,1,3,9,1,3,1,dp,BSE:TCS-A,1734956577.052126
4125.0,4124.85,4124.65,4124.5,4124.45,4127.3,4127.35,4127.4,4127.45,4127.5,8,6,6,3,6,30,10,9,30,5,3,1,1,1,1,5,3,2,3,1,dp,BSE:TCS-A,1734956577.451033
4125.0,4124.85,4124.7,4124.65,4124.45,4127.25,4127.3,4127.35,4127.4,4127.45,8,6,3,6,6,12,25,9,9,30,3,1,1,1,1,3,4,2,2,3,dp,BSE:TCS-A,1734956578.338576
4125.0,4124.85,4124.7,4124.65,4124.45,4127.2,4127.25,4127.3,4127.35,4127.45,8,6,3,6,6,53,27,9,13,20,3,1,1,1,1,4,4,2,3,2,dp,BSE:TCS-A,1734956578.950867
4125.0,4124.85,4124.7,4124.65,4124.45,4127.2,4127.25,4127.3,4127.35,4127.45,8,6,3,6,6,48,7,11,4,24,3,1,1,1,1,3,2,4,1,3,dp,BSE:TCS-A,1734956579.474331
4125.0,4124.85,4124.7,4124.65,4124.45,4127.2,4127.25,4127.3,4127.35,4127.45,8,6,3,6,6,48,7,11,18,24,3,1,1,1,1,3,2,4,3,3,dp,BSE:TCS-A,1734956580.167097
4125.0,4124.85,4124.7,4124.65,4124.45,4127.2,4127.25,4127.3,4127.35,4127.4,8,6,3,6,6,44,7,4,4,15,3,1,1,1,1,3,2,1,1,3,dp,BSE:TCS-A,1734956582.652783
4125.0,4124.85,4124.7,4124.65,4124.45,4127.15,4127.2,4127.25,4127.3,4127.35,8,6,3,6,6,5,54,6,4,4,3,1,1,1,1,2,4,1,1,1,dp,BSE:TCS-A,1734956584.650317
4125.0,4124.35,4124.3,4124.2,4124.05,4127.1,4127.15,4127.2,4127.25,4127.3,4,3,1,10,6,13,5,49,6,4,2,1,1,3,1,4,2,3,1,1,dp,BSE:TCS-A,1734956588.270562
4125.0,4124.35,4124.3,4124.2,4124.05,4127.0,4127.05,4127.1,4127.15,4127.2,10,4,1,10,6,9,52,12,4,49,3,2,1,3,1,2,7,3,1,3,dp,BSE:TCS-A,1734956591.15914
4125.0,4124.35,4124.3,4124.2,4124.05,4126.9,4126.95,4127.0,4127.05,4127.1,8,3,1,10,6,42,1,127,6,23,3,1,1,3,1,6,1,6,1,5,dp,BSE:TCS-A,1734956592.511892
4125.1,4125.05,4125.0,4124.9,4124.85,4127.95,4128.0,4128.1,4128.3,4128.4,14,1,8,1,175,37,6,10,49,2,3,1,3,1,1,1,1,2,1,1,dp,BSE:TCS-A,1734956593.556776
4126.5,4126.45,4126.4,4126.25,4126.05,4129.4,4129.45,4129.6,4129.7,4129.75,10,12,10,6,6,39,31,17,16,6,3,2,1,1,1,2,1,3,1,2,dp,BSE:TCS-A,1734956594.755211
4127.15,4127.0,4126.5,4126.45,4126.4,4129.35,4129.4,4129.45,4129.5,4129.55,15,4,6,12,10,10,40,25,16,5,1,1,1,2,1,3,3,4,1,1,dp,BSE:TCS-A,1734956595.863332
4127.15,4126.3,4126.0,4125.7,4125.65,4129.1,4129.15,4129.2,4129.25,4129.3,15,2,6,3,6,5,8,5,7,4,1,1,1,1,1,2,2,2,2,1,dp,BSE:TCS-A,1734956597.27361
4127.15,4126.3,4125.55,4125.5,4125.45,4128.35,4128.7,4128.75,4128.8,4128.9,15,2,3,14,21,5,39,11,10,22,1,1,1,2,3,1,1,5,1,4,dp,BSE:TCS-A,1734956599.556369
4127.15,4126.3,4125.55,4125.5,4125.45,4128.35,4128.5,4128.65,4128.7,4128.75,15,2,3,14,21,8,9,1,40,10,1,1,1,2,3,4,2,1,2,4,dp,BSE:TCS-A,1734956599.963003
4127.15,4126.3,4125.5,4125.45,4125.4,4128.3,4128.35,4128.7,4128.75,4128.8,15,2,3,21,2,7,5,42,9,10,1,1,1,3,1,4,1,1,3,1,dp,BSE:TCS-A,1734956601.224202
4127.15,4126.3,4125.65,4125.6,4125.45,4128.3,4128.35,4128.45,4128.65,4128.7,15,2,3,10,21,10,5,6,6,54,1,1,1,1,3,2,1,1,1,3,dp,BSE:TCS-A,1734956602.387329
4127.15,4126.4,4126.35,4126.3,4126.0,4128.75,4128.9,4128.95,4129.0,4129.05,15,3,1,3,5,5,6,6,4,9,1,1,1,2,1,1,1,1,1,3,dp,BSE:TCS-A,1734956604.36535
4127.15,4126.4,4126.35,4126.3,4126.0,4129.05,4129.1,4129.2,4129.25,4129.3,15,3,1,3,5,5,4,4,4,4,1,1,1,2,1,1,1,1,1,1,dp,BSE:TCS-A,1734956604.880543
4127.15,4126.35,4126.3,4126.0,4125.65,4129.05,4129.1,4129.2,4129.25,4129.3,15,4,3,5,1,5,4,4,4,4,1,2,2,1,1,1,1,1,1,1,dp,BSE:TCS-A,1734956606.795277
4127.15,4127.0,4126.55,4126.5,4126.4,4129.05,4129.1,4129.2,4129.25,4129.3,16,6,3,6,10,5,4,4,4,4,2,1,1,1,1,1,1,1,1,1,dp,BSE:TCS-A,1734956607.57452
4127.15,4127.0,4126.5,4126.4,4126.35,4129.05,4129.1,4129.2,4129.25,4129.3,15,6,6,10,3,6,5,4,7,4,1,1,1,1,1,2,2,1,2,1,dp,BSE:TCS-A,1734956608.779562
4127.15,4126.5,4126.4,4126.3,4126.1,4129.05,4129.1,4129.2,4129.25,4129.3,15,6,10,13,6,6,5,4,23,4,1,1,1,3,1,2,2,1,3,1,dp,BSE:TCS-A,1734956609.665157
4127.15,4126.3,4125.6,4125.5,4125.45,4128.65,4128.7,4128.75,4128.8,4128.85,15,2,10,6,21,8,37,10,10,70,1,1,1,1,3,4,1,2,1,5,dp,BSE:TCS-A,1734956610.788868
4125.5,4125.3,4125.15,4125.1,4125.0,4127.9,4127.95,4128.0,4128.45,4128.5,7,17,3,16,8,3,36,4,22,14,2,4,1,2,3,2,1,1,4,2,dp,BSE:TCS-A,1734956611.976237
4125.5,4125.35,4125.3,4125.1,4125.0,4127.8,4127.85,4127.9,4127.95,4128.0,6,3,6,16,8,1,1,13,51,20,1,1,1,2,3,1,1,1,3,3,dp,BSE:TCS-A,1734956614.37779
4125.55,4125.5,4125.35,4125.3,4125.1,4127.75,4127.8,4127.85,4127.95,4128.0,5,12,3,6,16,5,13,16,52,27,2,2,1,1,2,1,1,2,5,5,dp,BSE:TCS-A,1734956616.876988
4125.55,4125.5,4125.3,4125.15,4125.1,4127.75,4127.8,4127.85,4127.95,4128.0,5,13,6,3,16,5,13,16,52,27,2,3,1,1,2,1,1,2,5,5,dp,BSE:TCS-A,1734956617.328227
4125.55,4125.5,4125.35,4125.3,4125.1,4127.7,4127.75,4127.8,4127.85,4127.9,5,13,3,6,16,5,5,17,16,84,2,3,1,1,2,1,2,2,2,2,dp,BSE:TCS-A,1734956618.472967
4125.6,4125.55,4125.5,4125.35,4125.3,4127.7,4127.75,4127.85,4127.95,4128.0,1,5,12,3,6,5,5,20,131,14,1,2,2,1,1,1,2,3,5,3,dp,BSE:TCS-A,1734956619.749751
4125.6,4125.55,4125.0,4124.75,4124.7,4127.2,4127.7,4127.75,4127.95,4128.0,1,1,9,3,6,44,10,2,45,24,1,1,3,1,1,1,1,1,3,4,dp,BSE:TCS-A,1734956620.895865
4125.65,4125.6,4125.4,4125.35,4125.15,4127.95,4128.45,4128.5,4128.7,4128.75,10,17,1,6,6,12,2,10,40,5,3,3,1,1,1,2,1,1,1,1,dp,BSE:TCS-A,1734956622.124465
4125.7,4125.65,4125.6,4125.35,4125.15,4128.8,4128.85,4128.9,4128.95,4129.0,10,7,16,6,21,10,53,16,10,14,3,2,2,1,4,1,2,1,1,2,dp,BSE:TCS-A,1734956623.384674
4125.1,4125.05,4125.0,4124.9,4124.85,4128.85,4128.9,4128.95,4129.0,4129.05,15,25,9,13,175,53,18,10,10,10,4,4,3,1,1,2,2,1,1,1,dp,BSE:TCS-A,1734956625.684656
4125.45,4125.4,4125.15,4125.1,4125.05,4128.85,4129.0,4129.15,4129.2,4129.3,14,11,10,16,10,59,5,4,97,24,3,2,2,2,1,2,1,1,1,3,dp,BSE:TCS-A,1734956626.094535
4125.5,4125.45,4125.4,4125.15,4125.1,4128.85,4129.0,4129.05,4129.1,4129.2,14,11,10,10,16,59,5,9,99,10,3,2,1,2,2,2,1,2,1,1,dp,BSE:TCS-A,1734956626.891698
4125.85,4125.65,4125.6,4125.5,4125.45,4128.85,4128.95,4129.0,4129.05,4129.1,5,3,10,16,10,59,5,5,5,104,2,1,1,3,1,2,1,1,2,2,dp,BSE:TCS-A,1734956628.107334
4125.85,4125.6,4125.5,4125.45,4125.4,4128.8,4128.85,4128.9,4129.0,4129.2,5,10,16,10,10,25,163,10,104,99,2,1,3,1,1,3,4,1,4,1,dp,BSE:TCS-A,1734956628.48658
4125.85,4125.6,4125.5,4125.45,4125.4,4128.75,4128.8,4128.85,4128.9,4129.0,5,10,16,10,10,115,10,59,89,5,2,1,3,1,1,6,1,2,2,1,dp,BSE:TCS-A,1734956629.591084
4125.85,4125.6,4125.5,4125.45,4125.4,4128.65,4128.7,4128.75,4128.8,4128.85,5,10,16,10,10,129,62,14,88,59,2,1,3,1,1,5,4,3,2,2,dp,BSE:TCS-A,1734956630.503119
4125.85,4125.6,4125.5,4125.45,4125.4,4128.6,4128.65,4128.7,4128.75,4128.8,5,10,19,10,10,25,104,61,4,98,2,1,4,1,1,3,2,4,2,2,dp,BSE:TCS-A,1734956631.292525
4125.85,4125.6,4125.5,4125.45,4125.4,4128.55,4128.6,4128.7,4128.75,4128.85,5,10,16,10,10,35,112,42,91,59,2,1,3,1,1,5,2,2,2,2,dp,BSE:TCS-A,1734956631.778659
4125.85,4125.6,4125.5,4125.45,4125.4,4128.5,4128.55,4128.6,4128.65,4128.7,5,10,16,10,10,30,19,23,8,120,2,1,3,1,1,4,4,2,1,2,dp,BSE:TCS-A,1734956632.501057
4125.85,4125.6,4125.5,4125.45,4125.4,4128.45,4128.5,4128.55,4128.6,4128.7,5,10,19,10,10,9,5,104,13,120,2,1,4,1,1,2,1,2,1,2,dp,BSE:TCS-A,1734956632.90687
4125.6,4125.5,4125.45,4125.4,4125.2,4127.85,4127.95,4128.0,4128.35,4128.4,10,15,10,10,3,10,31,51,75,46,1,2,1,1,1,4,1,7,2,6,dp,BSE:TCS-A,1734956633.69419
4125.65,4125.6,4125.5,4125.45,4125.4,4127.8,4127.85,4127.9,4127.95,4128.0,3,10,15,10,10,26,8,10,35,5,1,1,2,1,1,4,3,1,1,1,dp,BSE:TCS-A,1734956634.50242
4125.6,4125.5,4125.45,4125.4,4125.15,4127.75,4127.8,4127.85,4127.9,4127.95,10,15,13,10,10,28,1,7,16,46,1,2,2,1,2,5,1,2,2,3,dp,BSE:TCS-A,1734956634.992716
4125.05,4125.0,4124.5,4124.3,4124.25,4127.0,4127.2,4127.45,4127.55,4127.6,3,4,5,1,6,5,34,18,1,1,1,2,1,1,1,1,1,2,1,1,dp,BSE:TCS-A,1734956635.715824
4125.05,4125.0,4124.85,4124.8,4124.3,4127.15,4127.2,4127.75,4127.8,4127.85,3,8,175,10,1,11,32,11,6,117,1,3,1,1,1,3,1,2,1,3,dp,BSE:TCS-A,1734956637.298916
4125.05,4125.0,4124.85,4124.8,4124.3,4127.15,4127.75,4127.85,4127.9,4128.0,3,8,175,10,1,10,18,117,10,98,1,3,1,1,1,3,3,3,1,2,dp,BSE:TCS-A,1734956638.639488
4125.05,4125.0,4124.85,4124.8,4124.3,4127.15,4127.2,4127.75,4127.85,4127.9,3,8,175,10,1,10,34,18,117,10,1,3,1,1,1,3,1,3,3,1,dp,BSE:TCS-A,1734956639.300039
4125.05,4125.0,4124.85,4124.8,4124.3,4127.15,4127.2,4127.75,4127.85,4127.9,3,8,175,10,1,10,35,117,106,10,1,3,1,1,1,3,1,4,3,1,dp,BSE:TCS-A,1734956639.843826
4125.05,4125.0,4124.3,4124.25,4124.2,4127.15,4127.7,4127.75,4127.8,4127.9,1,11,9,6,2,9,99,10,88,10,1,4,3,1,1,2,1,1,1,1,dp,BSE:TCS-A,1734956640.598871
4125.2,4125.15,4125.05,4125.0,4124.85,4127.15,4127.75,4127.85,4127.9,4127.95,4,1,6,10,6,9,10,7,10,88,2,1,1,3,1,2,1,1,1,1,dp,BSE:TCS-A,1734956641.001047
4125.2,4125.15,4125.05,4125.0,4124.85,4127.15,4127.85,4127.9,4127.95,4128.0,4,1,6,10,181,9,106,10,121,10,2,1,1,3,2,2,2,1,2,1,dp,BSE:TCS-A,1734956641.806261
4125.2,4125.15,4125.05,4125.0,4124.85,4127.15,4127.8,4127.85,4127.9,4127.95,1,1,6,10,181,9,9,99,10,121,1,1,1,3,2,2,1,1,1,2,dp,BSE:TCS-A,1734956642.197334
4125.25,4125.2,4125.05,4125.0,4124.85,4127.15,4127.75,4127.9,4128.0,4128.05,4,1,6,10,181,9,4,89,10,79,2,1,1,3,2,2,1,2,1,1,dp,BSE:TCS-A,1734956643.001896
4125.25,4125.2,4125.05,4125.0,4124.9,4127.75,4127.9,4127.95,4128.0,4128.05,4,1,6,10,13,4,74,16,16,74,2,1,1,3,1,1,1,1,2,1,dp,BSE:TCS-A,1734956644.242379
4125.25,4125.2,4125.05,4125.0,4124.9,4127.7,4127.75,4127.85,4127.9,4127.95,4,1,6,10,13,5,32,5,84,59,2,1,1,3,1,1,5,1,2,2,dp,BSE:TCS-A,1734956644.605617
4125.25,4125.2,4125.1,4125.05,4125.0,4128.1,4128.3,4128.6,4128.7,4128.75,1,1,4,6,10,10,57,60,38,65,1,1,1,1,3,2,2,1,2,3,dp,BSE:TCS-A,1734956645.414073
4125.3,4125.25,4125.1,4125.05,4125.0,4128.1,4128.15,4128.3,4128.4,4128.6,14,11,4,6,10,10,16,57,1,60,3,2,1,1,3,2,1,2,1,1,dp,BSE:TCS-A,1734956645.815095
4125.3,4125.25,4125.05,4125.0,4124.3,4127.2,4127.45,4127.6,4127.75,4127.8,1,1,3,4,6,39,13,4,18,13,1,1,1,2,2,1,2,1,2,2,dp,BSE:TCS-A,1734956647.068139
4125.05,4125.0,4124.8,4124.3,4124.25,4127.15,4127.2,4127.4,4127.45,4127.55,3,4,10,6,6,10,40,16,7,1,1,2,1,2,1,3,2,1,2,1,dp,BSE:TCS-A,1734956647.809647
4125.05,4125.0,4124.85,4124.8,4124.3,4127.8,4127.95,4128.05,4128.3,4128.45,3,8,175,10,6,10,1,16,57,8,1,3,1,1,2,2,1,1,2,2,dp,BSE:TCS-A,1734956648.605693
4126.0,4125.95,4125.75,4125.6,4125.55,4127.8,4127.95,4128.45,4128.7,4128.75,9,11,6,10,6,1,1,8,2,5,2,2,1,1,1,1,1,2,1,2,dp,BSE:TCS-A,1734956649.00727
4126.0,4125.95,4125.8,4125.75,4125.6,4127.8,4127.95,4128.45,4128.7,4128.75,6,11,3,6,10,1,1,8,46,5,1,2,1,1,1,1,1,2,2,2,dp,BSE:TCS-A,1734956649.812425
4126.0,4125.95,4125.75,4125.6,4125.55,4127.8,4127.95,4128.45,4128.7,4128.75,6,11,6,13,6,1,1,8,46,5,1,2,1,2,1,1,1,2,2,2,dp,BSE:TCS-A,1734956650.20835
4126.05,4126.0,4125.95,4125.75,4125.6,4127.8,4127.95,4128.45,4128.7,4128.75,3,6,11,6,10,1,1,8,46,5,1,1,2,1,1,1,1,2,2,2,dp,BSE:TCS-A,1734956651.030875
4126.05,4126.0,4125.95,4125.75,4125.6,4127.8,4127.95,4128.45,4128.7,4128.75,3,6,11,6,10,1,1,8,42,5,1,1,2,1,1,1,1,2,2,2,dp,BSE:TCS-A,1734956652.204326
4126.05,4126.0,4125.95,4125.75,4125.6,4127.8,4127.95,4128.45,4128.7,4128.75,3,6,11,6,10,1,1,8,2,5,1,1,2,1,1,1,1,2,1,2,dp,BSE:TCS-A,1734956653.00778
4126.0,4125.95,4125.8,4125.75,4125.6,4127.8,4127.95,4128.45,4128.7,4128.75,6,11,3,6,10,1,1,8,41,5,1,2,1,1,1,1,1,2,2,2,dp,BSE:TCS-A,1734956653.417928
4126.0,4125.95,4125.75,4125.65,4125.6,4127.95,4128.45,4128.7,4128.75,4128.85,6,11,6,3,10,1,9,2,5,43,1,2,1,1,1,1,3,1,2,1,dp,BSE:TCS-A,1734956654.28473
4126.0,4125.95,4125.8,4125.75,4125.6,4127.95,4128.45,4128.7,4128.75,4128.85,6,11,3,6,10,1,9,2,5,43,1,2,1,1,1,1,3,1,2,1,dp,BSE:TCS-A,1734956654.615114
4125.65,4125.6,4125.1,4125.05,4125.0,4127.95,4128.3,4128.45,4128.7,4128.75,3,10,37,16,8,53,16,9,37,5,1,1,6,2,3,3,1,3,2,2,dp,BSE:TCS-A,1734956655.411295
4126.25,4126.1,4126.05,4126.0,4125.85,4127.95,4128.45,4128.7,4128.75,4128.8,6,3,6,6,6,1,9,2,5,10,1,1,1,1,1,1,3,1,2,1,dp,BSE:TCS-A,1734956655.813711
4125.65,4125.6,4125.15,4125.1,4125.05,4127.95,4128.0,4128.35,4128.45,4128.7,4,10,3,32,16,33,16,16,9,42,1,1,1,5,2,2,1,1,3,2,dp,BSE:TCS-A,1734956657.441425
4125.7,4125.65,4125.6,4125.1,4125.05,4127.95,4128.0,4128.35,4128.45,4128.7,3,4,10,32,16,33,16,16,9,42,1,1,1,5,2,2,1,1,3,2,dp,BSE:TCS-A,1734956657.893804
4125.95,4125.9,4125.7,4125.65,4125.6,4127.95,4128.35,4128.45,4128.7,4128.75,9,12,12,4,10,1,16,9,2,5,2,2,2,1,1,1,1,3,1,2,dp,BSE:TCS-A,1734956659.43488
4125.95,4125.9,4125.7,4125.65,4125.6,4127.95,4128.35,4128.45,4128.7,4128.75,9,12,12,4,10,1,16,9,44,5,2,2,2,1,1,1,1,3,2,2,dp,BSE:TCS-A,1734956659.954246
4125.95,4125.9,4125.7,4125.65,4125.6,4127.95,4128.0,4128.35,4128.45,4128.7,9,12,12,4,10,1,6,16,9,46,2,2,2,1,1,1,1,1,3,2,dp,BSE:TCS-A,1734956660.661469
4125.95,4125.9,4125.7,4125.65,4125.6,4127.95,4128.0,4128.35,4128.45,4128.7,9,12,12,4,10,1,6,16,9,50,2,2,2,1,1,1,1,1,3,3,dp,BSE:TCS-A,1734956661.036968
4125.95,4125.9,4125.7,4125.65,4125.6,4127.95,4128.0,4128.35,4128.45,4128.6,9,12,12,4,10,1,6,16,9,2,2,2,2,1,1,1,1,1,3,1,dp,BSE:TCS-A,1734956661.837925
4125.95,4125.9,4125.75,4125.7,4125.65,4127.95,4128.0,4128.35,4128.45,4128.6,6,12,3,12,4,1,6,16,9,2,1,2,1,2,1,1,1,1,3,1,dp,BSE:TCS-A,1734956662.23094
4126.0,4125.95,4125.9,4125.7,4125.65,4127.95,4128.0,4128.35,4128.45,4128.65,4,6,12,12,4,1,6,16,9,2,1,1,2,2,1,1,1,1,3,1,dp,BSE:TCS-A,1734956663.050035
4126.0,4125.95,4125.9,4125.7,4125.65,4127.95,4128.0,4128.35,4128.45,4128.6,4,9,12,12,4,36,6,16,9,1,1,2,2,2,1,2,1,1,3,1,dp,BSE:TCS-A,1734956664.246818
4125.05,4125.0,4124.8,4124.55,4124.5,4127.8,4127.9,4127.95,4128.0,4128.05,4,9,10,3,3,10,13,10,10,16,2,4,1,1,1,1,2,1,1,1,dp,BSE:TCS-A,1734956665.098852
4125.05,4125.0,4124.9,4124.85,4124.8,4128.7,4128.75,4128.8,4128.85,4129.0,4,9,5,175,10,53,5,12,115,76,2,4,1,1,1,3,2,2,2,2,dp,BSE:TCS-A,1734956665.532093
4125.1,4125.05,4125.0,4124.9,4124.85,4128.65,4128.7,4128.75,4128.8,4128.85,23,6,8,5,175,5,67,63,15,43,5,2,3,1,1,1,6,3,2,1,dp,BSE:TCS-A,1734956665.831382
4125.6,4125.55,4125.35,4125.15,4125.1,4128.6,4128.7,4128.75,4128.8,4128.85,3,10,6,6,14,26,73,53,18,43,1,1,1,1,2,4,7,3,2,1,dp,BSE:TCS-A,1734956667.938676
4125.4,4125.35,4125.15,4125.1,4125.05,4128.6,4128.7,4128.75,4128.8,4128.85,13,6,6,14,5,30,166,15,17,131,2,1,1,2,1,5,7,3,2,2,dp,BSE:TCS-A,1734956668.344103
4125.35,4125.15,4125.1,4125.0,4124.85,4127.8,4127.85,4127.95,4128.0,4128.2,6,6,4,8,175,1,6,42,42,14,1,1,1,3,1,1,2,2,6,2,dp,BSE:TCS-A,1734956669.138787
4125.4,4125.35,4125.15,4125.1,4125.0,4127.75,4127.8,4127.85,4127.95,4128.0,3,6,6,4,8,26,14,25,53,16,1,1,1,1,3,4,2,3,4,2,dp,BSE:TCS-A,1734956669.944144
4125.4,4125.35,4125.15,4125.1,4125.0,4127.75,4127.8,4127.85,4127.95,4128.0,3,6,6,4,8,26,14,21,53,16,1,1,1,1,3,4,2,3,4,2,dp,BSE:TCS-A,1734956670.247603
4125.4,4125.35,4125.15,4125.1,4125.0,4127.75,4127.8,4127.85,4127.95,4128.0,3,6,6,4,8,26,14,11,42,16,1,1,1,1,3,4,2,2,2,2,dp,BSE:TCS-A,1734956671.146353
4125.35,4125.15,4125.1,4125.0,4124.85,4127.75,4127.8,4127.85,4127.9,4127.95,6,6,4,8,175,26,1,15,24,52,1,1,1,3,1,4,1,2,1,3,dp,BSE:TCS-A,1734956671.54931
4125.35,4125.2,4125.15,4125.1,4125.0,4127.75,4127.8,4127.85,4127.9,4127.95,6,3,6,4,8,26,1,15,23,55,1,1,1,1,3,4,1,2,1,4,dp,BSE:TCS-A,1734956672.742779
4125.05,4125.0,4124.85,4124.6,4124.45,4126.95,4127.0,4127.2,4127.45,4127.5,4,5,175,6,5,5,9,40,18,16,2,3,1,1,1,1,2,1,2,1,dp,BSE:TCS-A,1734956673.943787
4125.25,4125.1,4125.05,4125.0,4124.85,4127.0,4127.1,4127.15,4127.2,4127.35,6,7,7,9,181,4,10,16,65,10,1,2,2,4,2,2,2,1,4,1,dp,BSE:TCS-A,1734956674.75524
4125.3,4125.25,4125.1,4125.05,4125.0,4127.0,4127.75,4127.9,4127.95,4128.0,3,6,4,6,8,4,11,17,55,15,1,1,1,1,3,2,2,1,3,2,dp,BSE:TCS-A,1734956675.451333
4125.25,4125.15,4125.1,4125.05,4125.0,4127.0,4127.75,4127.9,4127.95,4128.0,6,3,4,6,8,4,11,18,55,15,1,1,1,1,3,2,2,1,3,2,dp,BSE:TCS-A,1734956675.946163
4125.3,4125.25,4125.05,4125.0,4124.85,4127.0,4127.75,4127.85,4127.9,4127.95,3,6,6,8,181,4,11,13,18,25,1,1,1,3,2,2,2,1,1,2,dp,BSE:TCS-A,1734956676.747194
4125.25,4125.05,4125.0,4124.85,4124.8,4127.0,4127.75,4127.85,4127.95,4128.0,6,6,8,181,10,4,11,28,62,15,1,1,3,2,1,2,2,2,3,2,dp,BSE:TCS-A,1734956677.143651
4125.25,4125.1,4125.05,4125.0,4124.85,4127.0,4127.2,4127.75,4127.85,4127.95,6,3,6,8,181,4,42,11,28,62,1,1,1,3,2,2,1,2,2,3,dp,BSE:TCS-A,1734956677.968323
4125.25,4125.1,4125.05,4125.0,4124.85,4127.0,4127.2,4127.75,4127.8,4127.85,6,3,6,8,181,4,42,11,99,28,1,1,1,3,2,2,1,2,1,2,dp,BSE:TCS-A,1734956678.344662
4125.25,4125.05,4125.0,4124.85,4124.8,4127.0,4127.2,4127.75,4127.8,4127.85,6,6,8,181,10,5,42,11,99,29,1,1,3,2,1,3,1,2,1,2,dp,BSE:TCS-A,1734956679.156938
4125.3,4125.25,4125.05,4125.0,4124.85,4127.75,4127.8,4127.85,4127.95,4128.0,3,6,6,8,181,11,100,27,150,15,1,1,1,3,2,2,2,2,4,2,dp,BSE:TCS-A,1734956679.554503
4125.3,4125.25,4125.1,4125.05,4125.0,4127.7,4127.75,4127.8,4127.85,4127.95,3,6,4,6,8,1,52,99,10,162,1,1,1,1,3,1,6,1,1,6,dp,BSE:TCS-A,1734956680.348986
4125.25,4125.05,4125.0,4124.85,4124.8,4127.65,4127.7,4127.75,4127.8,4127.9,6,6,8,181,10,6,25,36,109,1,1,1,3,2,1,2,4,4,2,1,dp,BSE:TCS-A,1734956681.166865
4125.05,4125.0,4124.9,4124.85,4124.4,4126.95,4127.0,4127.05,4127.2,4127.4,3,4,1,175,6,5,11,2,41,7,1,2,1,1,1,1,2,1,2,1,dp,BSE:TCS-A,1734956681.555768
4125.15,4125.1,4125.05,4125.0,4124.9,4127.6,4127.65,4127.7,4127.75,4127.8,1,7,3,8,6,4,16,4,31,99,1,2,1,3,1,1,2,1,3,1,dp,BSE:TCS-A,1734956682.497047
4125.05,4125.0,4124.85,4124.4,4124.3,4127.6,4127.65,4127.7,4127.75,4127.8,3,8,175,5,1,5,37,4,36,10,1,3,1,1,1,2,5,1,4,1,dp,BSE:TCS-A,1734956682.756318
4125.05,4125.0,4124.85,4124.4,4124.3,4127.6,4127.65,4127.7,4127.75,4127.8,3,9,175,5,1,5,22,4,36,117,1,4,1,1,1,2,4,1,4,3,dp,BSE:TCS-A,1734956683.560964
4125.05,4125.0,4124.85,4124.3,4124.2,4127.4,4127.45,4127.5,4127.55,4127.6,3,11,175,1,8,7,46,23,33,53,1,4,1,1,2,3,3,3,7,3,dp,BSE:TCS-A,1734956683.960626
4125.05,4125.0,4124.85,4124.3,4124.2,4127.35,4127.4,4127.45,4127.5,4127.55,3,11,175,1,8,15,5,6,6,14,1,4,1,1,2,3,2,1,1,2,dp,BSE:TCS-A,1734956684.860687
4125.05,4125.0,4124.85,4124.8,4124.3,4127.2,4127.65,4127.8,4127.95,4128.0,4,10,175,10,6,44,2,8,57,119,2,5,1,1,2,1,1,1,3,4,dp,BSE:TCS-A,1734956685.56542
4125.1,4125.0,4124.85,4124.8,4124.3,4127.85,4127.95,4128.0,4128.2,4128.3,3,9,175,10,6,13,57,24,10,38,1,4,1,1,2,2,3,4,1,1,dp,BSE:TCS-A,1734956686.075748
4125.05,4125.0,4124.8,4124.35,4124.3,4127.8,4127.85,4127.9,4127.95,4128.0,3,9,10,175,6,26,28,10,69,24,1,4,1,1,2,4,4,1,5,4,dp,BSE:TCS-A,1734956686.762549
4125.0,4124.8,4124.35,4124.3,4124.2,4127.75,4127.8,4127.85,4127.9,4127.95,9,10,3,6,8,42,140,10,14,145,4,1,1,2,2,5,5,1,2,4,dp,BSE:TCS-A,1734956687.265001
4125.0,4124.85,4124.8,4124.3,4124.2,4127.7,4127.75,4127.8,4127.9,4127.95,9,3,10,6,8,26,17,139,14,144,4,1,1,2,2,4,2,4,2,4,dp,BSE:TCS-A,1734956687.963952
4125.1,4125.0,4124.95,4124.9,4124.8,4127.7,4127.75,4127.8,4127.9,4127.95,6,9,3,6,10,26,17,139,14,144,1,4,1,1,1,4,2,4,2,4,dp,BSE:TCS-A,1734956688.363581
4125.05,4125.0,4124.85,4124.4,4124.3,4126.95,4127.0,4127.05,4127.2,4127.3,4,6,175,6,1,5,5,4,50,16,2,4,1,1,1,1,1,2,2,1,dp,BSE:TCS-A,1734956689.156784
4125.05,4125.0,4124.85,4124.8,4124.4,4127.05,4127.8,4127.95,4128.0,4128.05,4,12,175,10,11,4,99,113,10,10,2,5,1,1,2,2,1,3,1,2,dp,BSE:TCS-A,1734956689.567919
4125.0,4124.8,4124.45,4124.4,4124.3,4126.85,4127.0,4127.05,4127.1,4127.2,5,10,3,6,1,6,35,5,10,33,3,1,1,1,1,2,4,3,2,1,dp,BSE:TCS-A,1734956690.458558
4125.05,4125.0,4124.85,4124.8,4124.4,4127.2,4127.8,4127.95,4128.0,4128.3,4,10,175,10,11,30,14,56,2,38,2,5,1,1,2,1,1,3,2,1,dp,BSE:TCS-A,1734956690.764987
4125.05,4125.0,4124.85,4124.8,4124.4,4127.8,4127.85,4127.95,4128.0,4128.2,4,10,175,10,11,14,98,56,90,98,2,5,1,1,2,1,1,3,3,1,dp,BSE:TCS-A,1734956691.659119
4125.1,4125.05,4125.0,4124.85,4124.8,4127.75,4127.8,4127.85,4127.9,4127.95,4,1,9,175,10,41,15,108,12,56,2,1,4,1,1,4,2,2,2,3,dp,BSE:TCS-A,1734956692.914546
4125.15,4125.1,4125.0,4124.85,4124.8,4126.9,4127.1,4127.2,4127.75,4127.8,3,4,10,175,10,1,3,38,16,12,1,1,4,1,1,1,2,1,1,1,dp,BSE:TCS-A,1734956695.680801
4125.15,4125.1,4125.0,4124.9,4124.85,4126.9,4127.1,4127.75,4127.9,4127.95,13,10,10,6,175,1,3,115,88,62,2,2,4,1,1,1,2,2,1,3,dp,BSE:TCS-A,1734956696.482039
4125.15,4125.1,4125.0,4124.9,4124.85,4126.9,4127.1,4127.2,4127.75,4127.9,13,10,10,6,175,1,3,34,129,88,2,2,4,1,1,1,2,1,3,1,dp,BSE:TCS-A,1734956696.875554
4125.15,4125.1,4125.0,4124.9,4124.85,4126.9,4127.1,4127.2,4127.75,4127.9,10,6,10,6,175,1,3,34,129,88,1,1,4,1,1,1,2,1,3,1,dp,BSE:TCS-A,1734956697.664304
4125.05,4125.0,4124.85,4124.8,4124.3,4126.9,4127.1,4127.75,4127.9,4127.95,3,10,175,10,1,1,3,115,88,25,1,4,1,1,1,1,2,2,1,2,dp,BSE:TCS-A,1734956698.873717
4125.05,4125.0,4124.85,4124.8,4124.3,4126.9,4127.1,4127.2,4127.5,4127.65,3,10,175,10,1,1,3,44,2,99,1,4,1,1,1,1,2,1,1,1,dp,BSE:TCS-A,1734956699.756096
4125.05,4125.0,4124.85,4124.8,4124.3,4126.9,4127.1,4127.2,4127.75,4127.8,3,10,175,10,1,1,3,40,27,88,1,4,1,1,1,1,2,1,2,1,dp,BSE:TCS-A,1734956700.098629
4125.05,4125.0,4124.85,4124.8,4124.3,4126.9,4127.1,4127.75,4127.95,4128.0,3,10,175,10,1,1,3,27,25,16,1,4,1,1,1,1,2,2,2,2,dp,BSE:TCS-A,1734956700.871354
4125.05,4125.0,4124.95,4124.85,4124.8,4126.9,4127.1,4127.2,4127.7,4127.75,3,10,6,175,10,1,3,36,99,16,1,4,1,1,1,1,2,1,1,1,dp,BSE:TCS-A,1734956701.751804
4125.05,4125.0,4124.95,4124.85,4124.8,4126.9,4127.1,4127.2,4127.7,4127.75,3,10,6,175,10,1,3,36,99,24,1,4,1,1,1,1,2,1,1,2,dp,BSE:TCS-A,1734956702.071299
4125.05,4125.0,4124.95,4124.85,4124.8,4126.9,4127.1,4127.2,4127.75,4127.8,3,10,6,175,10,1,3,35,115,10,1,4,1,1,1,1,2,1,2,1,dp,BSE:TCS-A,1734956702.883084
4125.05,4125.0,4124.95,4124.85,4124.8,4126.9,4127.1,4127.75,4127.95,4128.0,3,10,6,175,10,1,3,115,25,16,1,4,1,1,1,1,2,2,2,2,dp,BSE:TCS-A,1734956703.273427
4125.05,4125.0,4124.95,4124.85,4124.8,4126.9,4127.1,4127.2,4127.75,4127.8,3,10,6,175,10,1,3,29,115,10,1,4,1,1,1,1,2,1,2,1,dp,BSE:TCS-A,1734956704.078424
4125.05,4125.0,4124.95,4124.85,4124.8,4126.9,4127.1,4127.7,4127.75,4127.8,3,10,6,175,10,1,3,13,115,10,1,4,1,1,1,1,2,1,2,1,dp,BSE:TCS-A,1734956704.488032
4125.0,4124.95,4124.9,4124.3,4124.2,4127.2,4127.35,4127.7,4127.75,4127.8,15,1,175,6,8,32,16,21,16,7,6,1,1,2,2,2,1,2,1,1,dp,BSE:TCS-A,1734956705.271252
4125.05,4125.0,4124.85,4124.3,4124.2,4127.2,4127.35,4127.7,4127.75,4127.8,4,12,175,6,8,32,16,21,16,7,2,5,1,2,2,2,1,2,1,1,dp,BSE:TCS-A,1734956705.669905
4125.1,4125.05,4125.0,4124.85,4124.3,4127.2,4127.7,4127.75,4127.8,4127.95,4,1,11,175,6,42,5,16,7,45,2,1,4,1,2,3,1,1,1,2,dp,BSE:TCS-A,1734956706.470241
4125.1,4125.05,4125.0,4124.85,4124.3,4127.2,4127.7,4127.75,4127.8,4127.95,4,1,11,175,6,12,5,16,7,45,2,1,4,1,2,2,1,1,1,2,dp,BSE:TCS-A,1734956706.869488
4125.1,4125.05,4125.0,4124.4,4124.35,4127.2,4127.45,4127.7,4127.75,4127.8,1,1,11,3,175,48,16,5,16,7,1,1,4,1,1,3,1,1,1,1,dp,BSE:TCS-A,1734956707.670174
4125.1,4125.05,4125.0,4124.95,4124.8,4127.2,4127.45,4127.7,4127.75,4127.8,1,1,11,6,3,44,16,30,115,20,1,1,4,1,1,3,1,4,2,3,dp,BSE:TCS-A,1734956708.093115
4125.1,4125.05,4125.0,4124.95,4124.75,4127.2,4127.45,4127.65,4127.7,4127.75,1,1,14,6,6,44,16,5,25,115,1,1,5,1,1,3,1,1,3,2,dp,BSE:TCS-A,1734956708.870686
4125.1,4125.05,4125.0,4124.95,4124.75,4127.2,4127.45,4127.55,4127.6,4127.7,1,4,11,6,6,44,16,5,20,10,1,2,4,1,1,3,1,1,2,2,dp,BSE:TCS-A,1734956709.777992
4125.1,4125.05,4125.0,4124.95,4124.75,4127.2,4127.45,4127.5,4127.6,4127.65,1,4,11,6,6,44,16,5,20,2,1,2,4,1,1,3,1,1,2,2,dp,BSE:TCS-A,1734956710.594458
4125.1,4125.05,4125.0,4124.95,4124.75,4127.2,4127.45,4127.5,4127.6,4127.65,1,1,14,6,6,44,16,5,20,2,1,1,5,1,1,3,1,1,2,2,dp,BSE:TCS-A,1734956712.173613
4125.0,4124.9,4124.85,4124.35,4124.3,4126.85,4127.0,4127.15,4127.2,4127.3,4,1,175,3,1,5,11,40,53,16,2,1,1,1,1,1,2,5,4,1,dp,BSE:TCS-A,1734956712.988966
4125.05,4125.0,4124.95,4124.8,4124.75,4127.2,4127.75,4127.8,4127.9,4127.95,1,9,6,10,6,35,115,17,88,45,1,4,1,1,1,1,2,1,1,2,dp,BSE:TCS-A,1734956714.093237
4125.1,4125.05,4125.0,4124.95,4124.85,4127.85,4127.9,4127.95,4128.0,4128.05,7,1,8,6,175,5,51,61,16,10,3,1,3,1,1,1,6,4,2,2,dp,BSE:TCS-A,1734956715.78241
4125.05,4125.0,4124.85,4124.35,4124.3,4126.9,4127.0,4127.2,4127.4,4127.45,3,5,175,5,1,10,13,48,16,18,1,3,1,1,1,1,3,2,1,2,dp,BSE:TCS-A,1734956716.477175
4125.1,4125.05,4125.0,4124.85,4124.8,4127.7,4127.8,4127.9,4127.95,4128.0,4,1,8,175,10,16,12,3,50,20,2,1,3,1,1,1,1,1,2,3,dp,BSE:TCS-A,1734956716.981229
4125.1,4125.05,4125.0,4124.85,4124.8,4127.2,4127.55,4127.6,4127.65,4127.75,1,1,8,3,10,43,16,2,25,104,1,1,3,1,1,1,1,1,3,2,dp,BSE:TCS-A,1734956717.785106
4125.0,4124.8,4124.35,4124.3,4124.2,4127.7,4127.8,4127.85,4127.9,4127.95,8,10,3,1,183,17,13,99,13,142,3,1,1,1,3,2,2,1,1,4,dp,BSE:TCS-A,1734956718.196388
4125.05,4125.0,4124.8,4124.65,4124.3,4127.65,4127.7,4127.75,4127.8,4127.85,3,8,10,175,1,26,17,114,11,11,1,3,1,1,1,4,2,3,1,2,dp,BSE:TCS-A,1734956718.976881
4125.05,4125.0,4124.8,4124.65,4124.3,4127.65,4127.7,4127.75,4127.8,4127.85,3,8,10,175,1,26,17,5,21,11,1,3,1,1,1,4,2,1,2,2,dp,BSE:TCS-A,1734956719.686115
4125.05,4125.0,4124.8,4124.65,4124.3,4127.85,4127.9,4127.95,4128.0,4128.25,4,9,10,175,6,5,5,52,26,16,2,4,1,1,2,1,1,2,3,1,dp,BSE:TCS-A,1734956720.176205
4125.05,4125.0,4124.8,4124.65,4124.3,4127.8,4127.9,4127.95,4128.0,4128.05,4,9,10,175,6,46,109,46,34,88,2,4,1,1,2,5,2,2,4,1,dp,BSE:TCS-A,1734956720.982726
4125.1,4125.05,4125.0,4124.8,4124.65,4127.75,4127.8,4127.85,4127.95,4128.0,4,1,8,10,175,25,21,21,52,34,2,1,3,1,1,3,2,3,2,4,dp,BSE:TCS-A,1734956721.38329
4125.1,4125.05,4125.0,4124.85,4124.8,4127.75,4127.8,4127.95,4128.0,4128.2,4,1,8,6,10,20,16,52,26,9,2,1,3,1,1,2,1,2,3,1,dp,BSE:TCS-A,1734956722.1975
4125.15,4125.1,4125.05,4125.0,4124.85,4127.0,4127.1,4127.2,4127.45,4127.7,3,1,1,4,6,9,5,39,34,117,1,1,1,2,1,3,2,1,3,3,dp,BSE:TCS-A,1734956722.582809
4125.1,4125.05,4125.0,4124.9,4124.85,4126.85,4126.95,4127.0,4127.1,4127.2,1,1,4,3,6,5,35,2,22,39,1,1,2,1,1,1,4,1,4,1,dp,BSE:TCS-A,1734956723.392374
4125.15,4125.1,4125.0,4124.85,4124.8,4126.8,4126.85,4126.9,4127.1,4127.15,1,1,4,3,10,25,5,10,10,1,1,1,2,1,1,3,1,1,2,1,dp,BSE:TCS-A,1734956723.811141
4125.2,4125.15,4125.0,4124.85,4124.8,4127.2,4127.35,4127.55,4127.85,4127.9,4,1,8,6,10,29,2,2,4,16,2,1,3,1,1,1,1,1,1,1,dp,BSE:TCS-A,1734956724.685281
4125.25,4125.2,4125.0,4124.85,4124.8,4127.85,4127.9,4127.95,4128.0,4128.1,4,1,8,6,10,13,18,53,16,10,2,1,3,1,1,1,2,2,1,2,dp,BSE:TCS-A,1734956724.979463
4125.25,4125.2,4125.0,4124.85,4124.8,4127.8,4127.85,4127.9,4127.95,4128.0,4,1,8,6,10,25,28,28,65,16,2,1,3,1,1,3,3,3,4,1,dp,BSE:TCS-A,1734956725.787683
4125.3,4125.25,4125.05,4125.0,4124.85,4127.75,4127.85,4127.9,4127.95,4128.0,1,1,3,8,6,41,28,18,65,16,1,1,1,3,1,4,3,2,4,1,dp,BSE:TCS-A,1734956726.596154
4125.3,4125.25,4125.0,4124.85,4124.8,4126.85,4127.0,4127.05,4127.2,4127.25,1,1,4,3,10,5,5,2,32,10,1,1,2,1,1,1,1,1,1,1,dp,BSE:TCS-A,1734956727.806765
4125.3,4125.25,4125.0,4124.8,4124.7,4126.8,4126.85,4126.9,4127.05,4127.1,1,1,4,10,3,25,5,10,12,20,1,1,2,1,1,3,1,1,2,3,dp,BSE:TCS-A,1734956728.324679
4125.0,4124.8,4124.65,4124.35,4124.3,4126.75,4126.85,4126.95,4127.0,4127.05,5,11,5,3,1,25,5,10,10,2,3,2,1,1,1,3,1,1,1,1,dp,BSE:TCS-A,1734956728.983617
4125.05,4125.0,4124.8,4124.65,4124.3,4127.2,4127.7,4127.85,4127.9,4127.95,4,9,10,175,1,32,16,4,18,53,2,4,1,1,1,1,1,1,2,2,dp,BSE:TCS-A,1734956729.385116
4125.05,4125.0,4124.85,4124.8,4124.65,4127.9,4127.95,4128.05,4128.1,4128.3,14,9,6,10,181,6,49,2,16,38,3,4,1,1,2,2,2,2,1,1,dp,BSE:TCS-A,1734956730.190724
4125.05,4125.0,4124.85,4124.8,4124.65,4127.85,4127.9,4127.95,4128.05,4128.1,14,9,6,10,181,36,36,45,2,26,3,4,1,1,2,5,4,3,2,2,dp,BSE:TCS-A,1734956730.731029
4125.1,4125.05,4125.0,4124.85,4124.8,4127.8,4127.85,4127.9,4127.95,4128.0,4,11,8,6,10,30,20,18,49,99,2,2,3,1,1,4,3,2,2,1,dp,BSE:TCS-A,1734956731.491458
4125.1,4125.05,4125.0,4124.85,4124.8,4127.75,4127.8,4127.85,4127.9,4127.95,4,11,8,6,10,41,15,10,18,148,2,2,3,1,1,4,3,1,2,3,dp,BSE:TCS-A,1734956731.885733
4125.1,4125.05,4125.0,4124.85,4124.8,4127.7,4127.75,4127.8,4127.85,4127.9,4,11,8,6,10,5,20,15,10,18,2,2,3,1,1,1,2,3,1,2,dp,BSE:TCS-A,1734956732.588117
4125.1,4125.05,4125.0,4124.85,4124.8,4127.7,4127.75,4127.8,4127.9,4127.95,14,11,8,6,10,41,5,7,29,49,3,2,3,1,1,4,1,1,4,2,dp,BSE:TCS-A,1734956733.08451
4125.1,4125.05,4125.0,4124.85,4124.8,4127.65,4127.7,4127.75,4127.8,4127.9,14,11,8,6,10,5,36,5,15,29,3,2,3,1,1,1,3,1,2,4,dp,BSE:TCS-A,1734956733.786045
4125.1,4125.05,4125.0,4124.85,4124.8,4127.65,4127.7,4127.75,4127.8,4127.9,14,11,8,6,10,25,16,5,15,29,3,2,3,1,1,3,1,1,2,4,dp,BSE:TCS-A,1734956734.190592
4125.1,4125.05,4125.0,4124.9,4124.85,4127.8,4127.85,4127.9,4127.95,4128.05,14,11,8,175,6,5,25,27,59,2,3,2,3,1,1,1,3,4,3,2,dp,BSE:TCS-A,1734956735.525206
4125.15,4125.1,4125.0,4124.85,4124.8,4127.75,4127.85,4127.9,4127.95,4128.0,4,1,8,6,10,5,16,2,130,10,2,1,3,1,1,1,1,1,4,2,dp,BSE:TCS-A,1734956736.692399
4125.15,4125.1,4125.0,4124.85,4124.8,4127.75,4127.85,4127.9,4127.95,4128.0,4,1,8,6,10,9,11,13,67,16,2,1,3,1,1,2,3,1,4,2,dp,BSE:TCS-A,1734956737.935276
4125.15,4125.1,4125.0,4124.85,4124.8,4127.75,4127.85,4127.95,4128.0,4128.05,4,1,8,6,10,9,9,56,16,2,2,1,3,1,1,2,2,4,2,2,dp,BSE:TCS-A,1734956739.088079
4125.05,4125.0,4124.85,4124.8,4124.65,4128.7,4128.75,4128.8,4128.85,4128.9,3,8,6,10,11,59,17,121,26,6,1,3,1,1,2,5,6,4,2,1,dp,BSE:TCS-A,1734956740.289551
4125.0,4124.9,4124.85,4124.7,4124.65,4127.55,4127.7,4127.95,4128.0,4128.05,9,1,6,3,186,13,5,29,10,10,4,1,1,1,3,3,1,1,1,1,dp,BSE:TCS-A,1734956741.496055
4125.05,4125.0,4124.85,4124.65,4124.45,4127.5,4127.55,4127.65,4127.7,4127.8,4,9,6,186,6,21,8,21,20,10,2,4,1,3,1,3,2,2,2,2,dp,BSE:TCS-A,1734956741.893598
4125.05,4125.0,4124.85,4124.8,4124.65,4127.95,4128.0,4128.2,4128.3,4128.6,4,9,181,10,11,31,14,16,16,15,2,4,2,1,2,2,2,1,2,2,dp,BSE:TCS-A,1734956742.789752
4125.05,4125.0,4124.85,4124.8,4124.65,4128.6,4128.65,4128.7,4128.75,4128.8,14,9,181,10,11,15,16,22,11,10,3,4,2,1,2,2,2,2,3,1,dp,BSE:TCS-A,1734956743.0831
4125.05,4125.0,4124.85,4124.8,4124.65,4128.6,4128.65,4128.7,4128.75,4128.8,14,9,6,10,186,15,26,71,11,12,3,4,1,1,3,2,4,4,3,2,dp,BSE:TCS-A,1734956743.948819
4125.1,4125.05,4125.0,4124.85,4124.8,4128.2,4128.35,4128.4,4128.55,4128.6,4,11,8,6,10,30,6,5,20,25,2,2,3,1,1,5,1,1,2,3,dp,BSE:TCS-A,1734956745.191344
4125.1,4125.05,4125.0,4124.85,4124.8,4128.15,4128.2,4128.35,4128.4,4128.55,3,10,8,6,10,16,21,6,25,10,1,1,3,1,1,5,3,1,3,1,dp,BSE:TCS-A,1734956745.586976
4125.1,4125.05,4125.0,4124.85,4124.8,4128.1,4128.15,4128.2,4128.3,4128.35,3,10,8,6,10,12,6,20,3,10,1,1,3,1,1,3,2,2,1,2,dp,BSE:TCS-A,1734956746.315251
4125.1,4125.05,4125.0,4124.85,4124.8,4128.05,4128.1,4128.15,4128.2,4128.35,3,10,8,6,10,12,10,5,20,6,1,1,3,1,1,4,3,1,2,1,dp,BSE:TCS-A,1734956746.747625
4125.05,4125.0,4124.9,4124.85,4124.8,4128.0,4128.05,4128.1,4128.15,4128.2,10,8,3,6,10,10,23,10,5,31,1,3,1,1,1,3,6,2,1,4,dp,BSE:TCS-A,1734956747.519166
4125.05,4125.0,4124.9,4124.85,4124.8,4127.95,4128.0,4128.05,4128.1,4128.15,10,8,3,6,10,10,5,4,6,9,1,3,1,1,1,3,2,1,1,2,dp,BSE:TCS-A,1734956747.965995
4125.05,4125.0,4124.9,4124.85,4124.8,4127.9,4127.95,4128.0,4128.05,4128.1,10,8,3,6,10,16,80,4,4,16,1,3,1,1,1,4,8,1,1,2,dp,BSE:TCS-A,1734956748.808433
4125.05,4125.0,4124.9,4124.85,4124.8,4127.85,4127.9,4127.95,4128.0,4128.05,10,8,3,6,10,10,31,52,4,4,1,3,1,1,1,3,5,3,1,1,dp,BSE:TCS-A,1734956749.536306
4125.55,4125.5,4125.4,4125.3,4125.1,4128.65,4128.7,4128.75,4129.0,4129.1,18,21,175,6,24,6,6,8,4,11,4,4,1,1,4,1,1,2,1,3,dp,BSE:TCS-A,1734956749.908386
4125.55,4125.5,4125.4,4125.3,4125.1,4128.65,4128.7,4128.75,4129.0,4129.05,18,21,175,6,24,6,6,8,20,1,4,4,1,1,4,1,1,2,2,1,dp,BSE:TCS-A,1734956750.802068
4125.9,4125.85,4125.6,4125.55,4125.5,4129.0,4129.05,4129.1,4129.2,4129.4,18,191,10,14,25,4,1,10,16,49,4,4,1,2,4,1,1,2,1,2,dp,BSE:TCS-A,1734956751.136395
4126.4,4126.35,4126.15,4125.95,4125.9,4129.1,4129.4,4129.45,4129.6,4129.75,19,21,6,6,14,14,49,29,5,2,4,4,1,1,2,3,2,1,1,1,dp,BSE:TCS-A,1734956751.927786
4126.4,4126.35,4126.15,4125.95,4125.9,4129.1,4129.35,4129.4,4129.45,4129.55,19,21,6,181,14,14,1,49,29,1,4,4,1,2,2,3,1,2,1,1,dp,BSE:TCS-A,1734956752.837855
4126.4,4126.35,4126.15,4125.95,4125.9,4129.1,4129.4,4129.45,4129.6,4129.7,19,21,6,6,14,30,49,35,15,1,4,4,1,1,2,4,2,1,2,1,dp,BSE:TCS-A,1734956754.736158
4126.4,4126.35,4126.15,4125.95,4125.9,4129.1,4129.4,4129.45,4129.6,4129.75,19,21,6,6,14,30,49,35,15,2,4,4,1,1,2,4,2,1,2,1,dp,BSE:TCS-A,1734956755.04045
4124.9,4124.85,4124.4,4124.2,4124.15,4127.55,4127.6,4127.65,4127.75,4127.8,7,4,6,6,4,17,39,16,20,3,2,1,1,1,1,3,5,2,4,1,dp,BSE:TCS-A,1734957847.096562
4124.9,4124.85,4124.4,4124.2,4124.15,4127.55,4127.6,4127.65,4127.75,4127.8,7,4,6,6,4,17,39,17,24,4,2,1,1,1,1,3,5,3,6,1,dp,BSE:TCS-A,1734957847.513343
4124.95,4124.9,4124.85,4124.4,4124.2,4127.55,4127.6,4127.65,4127.75,4127.95,3,4,4,6,6,17,20,16,24,41,1,1,1,1,1,3,4,2,6,1,dp,BSE:TCS-A,1734957848.311529
4124.95,4124.9,4124.85,4124.4,4124.2,4127.55,4127.6,4127.65,4127.75,4128.0,7,4,4,6,6,17,20,16,24,14,2,1,1,1,1,3,4,2,6,2,dp,BSE:TCS-A,1734957848.742823
4124.95,4124.9,4124.85,4124.4,4124.2,4127.55,4127.6,4127.65,4127.75,4127.9,7,4,4,6,6,17,20,16,25,1,2,1,1,1,1,3,4,2,7,1,dp,BSE:TCS-A,1734957850.77089
4125.4,4125.35,4125.15,4125.1,4125.05,4127.55,4127.6,4127.65,4127.75,4127.95,9,10,6,5,6,7,10,6,10,30,2,2,1,1,1,2,3,1,3,1,dp,BSE:TCS-A,1734957854.721396
4125.45,4125.4,4125.35,4125.15,4125.1,4127.55,4127.6,4127.65,4127.75,4127.95,7,6,10,6,7,7,10,6,10,30,2,1,2,1,3,2,3,1,3,1,dp,BSE:TCS-A,1734957857.125987
4125.5,4125.45,4125.4,4125.35,4125.15,4127.55,4127.6,4127.65,4127.75,4127.95,9,4,6,10,6,7,10,6,10,30,2,1,1,2,1,2,3,1,3,1,dp,BSE:TCS-A,1734957858.380262
4125.5,4125.45,4125.4,4125.35,4125.15,4127.55,4127.6,4127.65,4127.75,4127.95,9,4,6,10,6,7,10,6,10,129,2,1,1,2,1,2,3,1,3,2,dp,BSE:TCS-A,1734957859.637052
4125.55,4125.5,4125.45,4125.4,4125.35,4127.55,4127.6,4127.65,4127.75,4127.9,3,6,4,6,10,7,10,6,10,25,1,1,1,1,2,2,3,1,3,1,dp,BSE:TCS-A,1734957860.821292
4123.05,4123.0,4122.85,4122.7,4122.65,4124.95,4125.0,4125.05,4125.1,4125.15,1,5,6,3,6,5,4,14,14,6,1,2,1,1,1,2,1,2,2,1,dp,BSE:TCS-A,1734957869.699598
4123.05,4123.0,4122.85,4122.7,4122.65,4125.0,4125.05,4125.1,4125.15,4125.2,1,5,6,3,6,4,14,17,6,5,1,2,1,1,1,1,2,3,1,1,dp,BSE:TCS-A,1734957870.846415
4123.05,4123.0,4122.85,4122.7,4122.65,4124.95,4125.0,4125.05,4125.1,4125.15,1,5,6,3,6,3,4,14,14,6,1,2,1,1,1,1,1,2,2,1,dp,BSE:TCS-A,1734957872.055069
4123.05,4123.0,4122.85,4122.7,4122.65,4124.95,4125.0,4125.05,4125.1,4125.15,1,1,6,3,6,24,4,14,14,8,1,1,1,1,1,4,1,2,2,2,dp,BSE:TCS-A,1734957873.245544
4122.75,4122.55,4122.4,4122.35,4122.1,4124.9,4124.95,4125.0,4125.05,4125.1,10,6,3,6,4,15,53,4,14,14,2,1,1,1,1,3,5,1,2,2,dp,BSE:TCS-A,1734957876.052162
4123.0,4122.85,4122.8,4122.75,4122.65,4125.3,4125.35,4125.4,4125.45,4125.5,4,3,5,10,3,10,5,4,8,6,1,1,1,2,1,3,2,1,2,1,dp,BSE:TCS-A,1734957879.647039
4123.05,4123.0,4122.8,4122.75,4122.65,4125.05,4125.1,4125.55,4125.6,4125.65,3,4,5,10,3,1,1,3,10,10,1,1,1,2,1,1,1,1,1,1,dp,BSE:TCS-A,1734957883.354317
4123.1,4123.05,4123.0,4122.8,4122.75,4125.55,4125.6,4125.65,4125.7,4125.75,8,1,4,5,10,3,10,10,48,3,3,1,1,1,2,1,1,1,3,1,dp,BSE:TCS-A,1734957885.752933
4123.45,4123.4,4123.2,4123.1,4123.0,4126.0,4126.05,4126.1,4126.15,4126.2,10,12,16,4,10,4,3,4,6,15,3,3,2,1,2,1,1,1,1,2,dp,BSE:TCS-A,1734957886.962643
4123.45,4123.4,4123.2,4123.1,4123.0,4125.95,4126.0,4126.1,4126.15,4126.2,10,12,18,4,10,3,4,4,6,15,3,3,4,1,2,1,1,1,1,2,dp,BSE:TCS-A,1734957888.161258
4123.45,4123.4,4123.2,4123.1,4123.0,4126.05,4126.1,4126.15,4126.2,4126.25,10,12,18,4,10,3,4,6,15,15,3,3,4,1,2,1,1,1,2,2,dp,BSE:TCS-A,1734957890.245859
4123.5,4123.45,4123.4,4123.2,4123.1,4126.05,4126.1,4126.15,4126.2,4126.25,8,7,11,18,4,8,4,6,15,15,3,2,2,4,1,2,1,1,2,2,dp,BSE:TCS-A,1734957892.16273
4123.55,4123.5,4123.45,4123.4,4123.2,4126.05,4126.1,4126.15,4126.2,4126.25,6,5,6,11,18,8,4,6,15,15,2,2,1,2,4,2,1,1,2,2,dp,BSE:TCS-A,1734957892.643839
4123.6,4123.55,4123.5,4123.45,4123.4,4126.05,4126.1,4126.15,4126.2,4126.25,8,6,4,6,11,8,4,6,15,15,3,2,1,1,2,2,1,1,2,2,dp,BSE:TCS-A,1734957893.355303
4123.6,4123.55,4123.5,4123.45,4123.4,4126.05,4126.1,4126.15,4126.2,4126.25,5,6,7,6,11,8,4,6,15,15,2,2,2,1,2,2,1,1,2,2,dp,BSE:TCS-A,1734957895.070705
4124.1,4124.0,4123.95,4123.9,4123.7,4126.05,4126.1,4126.15,4126.2,4126.25,6,5,3,6,6,5,5,6,10,10,1,1,1,1,1,2,2,1,1,1,dp,BSE:TCS-A,1734957897.022838
4124.1,4124.0,4123.95,4123.9,4123.7,4126.0,4126.05,4126.1,4126.15,4126.2,6,5,3,6,6,8,5,5,6,10,1,1,1,1,1,2,2,2,1,1,dp,BSE:TCS-A,1734957897.363875
4124.1,4124.0,4123.95,4123.9,4123.7,4125.95,4126.0,4126.05,4126.1,4126.15,7,6,3,6,6,3,5,4,4,6,2,2,1,1,1,1,1,1,1,1,dp,BSE:TCS-A,1734957901.849672
4124.1,4124.0,4123.9,4123.75,4123.7,4125.95,4126.0,4126.05,4126.1,4126.15,7,6,6,3,6,3,5,4,4,6,2,2,1,1,1,1,1,1,1,1,dp,BSE:TCS-A,1734957902.1716
4124.1,4124.0,4123.95,4123.9,4123.7,4126.0,4126.05,4126.1,4126.15,4126.2,7,6,3,6,6,8,4,4,6,10,2,2,1,1,1,2,1,1,1,1,dp,BSE:TCS-A,1734957904.563165
4124.1,4124.0,4123.95,4123.9,4123.7,4125.95,4126.0,4126.05,4126.1,4126.15,7,6,3,6,6,3,5,4,4,6,2,2,1,1,1,1,1,1,1,1,dp,BSE:TCS-A,1734957905.554569
4124.1,4124.0,4123.9,4123.75,4123.7,4125.95,4126.0,4126.05,4126.1,4126.15,7,6,6,3,6,3,5,4,4,6,2,2,1,1,1,1,1,1,1,1,dp,BSE:TCS-A,1734957906.320628
4124.1,4124.0,4123.95,4123.9,4123.7,4125.95,4126.0,4126.05,4126.1,4126.15,7,6,3,6,6,3,5,4,4,6,2,2,1,1,1,1,1,1,1,1,dp,BSE:TCS-A,1734957906.755236
4124.1,4124.0,4123.95,4123.9,4123.7,4126.0,4126.05,4126.1,4126.15,4126.2,7,6,3,6,6,5,7,4,6,10,2,2,1,1,1,1,2,1,1,1,dp,BSE:TCS-A,1734957908.734029
4124.1,4124.0,4123.95,4123.9,4123.7,4125.95,4126.0,4126.05,4126.1,4126.15,7,6,3,6,6,3,5,4,4,6,2,2,1,1,1,1,1,1,1,1,dp,BSE:TCS-A,1734957911.107371
4124.1,4124.0,4123.95,4123.9,4123.7,4126.0,4126.05,4126.1,4126.15,4126.2,7,6,3,6,6,8,4,4,6,10,2,2,1,1,1,2,1,1,1,1,dp,BSE:TCS-A,1734957913.130341
4124.1,4124.0,4123.95,4123.9,4123.7,4125.95,4126.0,4126.05,4126.1,4126.15,7,6,3,6,6,3,5,4,4,6,2,2,1,1,1,1,1,1,1,1,dp,BSE:TCS-A,1734957913.950943
4124.1,4124.0,4123.95,4123.9,4123.7,4125.95,4126.0,4126.05,4126.1,4126.15,7,6,3,6,6,3,5,4,4,6,2,2,1,1,1,1,1,1,1,1,dp,BSE:TCS-A,1734957915.167454
4123.45,4123.4,4123.2,4123.1,4123.0,4125.9,4125.95,4126.0,4126.05,4126.1,9,11,8,4,10,19,16,15,4,23,2,2,3,1,2,4,3,2,1,2,dp,BSE:TCS-A,1734957915.483251
4123.5,4123.45,4123.4,4123.2,4123.1,4125.9,4125.95,4126.0,4126.05,4126.1,3,6,11,8,4,19,16,15,4,23,1,1,2,3,1,4,3,2,1,2,dp,BSE:TCS-A,1734957916.362872
4123.15,4123.1,4123.0,4122.8,4122.75,4125.7,4125.75,4125.8,4125.85,4125.9,3,4,4,5,4,63,22,16,125,44,1,1,1,1,1,6,6,3,6,4,dp,BSE:TCS-A,1734957918.793286
4123.15,4123.1,4123.0,4122.8,4122.75,4125.7,4125.75,4125.8,4125.85,4125.9,3,4,4,5,4,63,17,16,22,34,1,1,1,1,1,6,5,3,4,3,dp,BSE:TCS-A,1734957919.53044
4122.6,4122.4,4122.25,4122.2,4122.1,4124.8,4124.85,4124.9,4124.95,4125.1,6,6,3,6,6,20,22,14,65,4,1,1,1,1,3,4,4,2,8,1,dp,BSE:TCS-A,1734957921.903784
4122.15,4122.1,4122.0,4121.8,4121.6,4124.7,4124.75,4124.8,4124.85,4124.9,3,4,8,6,6,23,7,35,16,14,1,1,3,1,1,5,2,3,2,2,dp,BSE:TCS-A,1734957923.100674
4122.8,4122.75,4122.55,4122.4,4122.35,4124.95,4125.55,4125.6,4125.65,4125.7,8,11,6,10,6,48,3,15,14,59,3,3,1,1,1,3,1,2,2,4,dp,BSE:TCS-A,1734957924.429222
4122.8,4122.75,4122.55,4122.4,4122.35,4125.6,4125.65,4125.7,4125.75,4125.8,8,11,6,10,6,15,14,59,19,16,3,3,1,1,1,2,2,4,5,3,dp,BSE:TCS-A,1734957925.628649
4122.8,4122.75,4122.55,4122.4,4122.35,4125.6,4125.65,4125.7,4125.75,4125.8,8,11,6,10,6,15,14,62,16,16,3,3,1,1,1,2,2,5,4,3,dp,BSE:TCS-A,1734957925.971368
4122.8,4122.75,4122.55,4122.45,4122.4,4125.7,4125.75,4125.8,4125.85,4125.9,16,11,181,2,10,13,10,12,13,10,4,3,2,1,1,2,1,2,2,1,dp,BSE:TCS-A,1734957926.827064
4123.5,4123.45,4123.3,4123.25,4123.05,4125.7,4125.75,4125.8,4125.85,4125.9,8,13,3,6,6,13,10,12,13,13,3,3,1,1,1,2,1,2,2,2,dp,BSE:TCS-A,1734957928.034818
4123.5,4123.45,4123.25,4123.2,4123.05,4125.7,4125.75,4125.8,4125.85,4125.9,11,13,6,2,6,13,10,12,13,10,4,3,1,2,1,2,1,2,2,1,dp,BSE:TCS-A,1734957928.781585
4123.5,4123.45,4123.25,4123.2,4123.05,4125.7,4125.75,4125.8,4125.85,4125.9,11,13,6,2,6,13,10,15,13,10,4,3,1,2,1,2,1,3,2,1,dp,BSE:TCS-A,1734957929.181757
4124.0,4123.55,4123.5,4123.45,4123.25,4125.7,4125.75,4125.8,4125.85,4125.9,16,3,6,13,6,13,13,12,13,10,2,1,2,3,1,2,2,2,2,1,dp,BSE:TCS-A,1734957930.554378
4124.0,4123.55,4123.5,4123.45,4123.25,4125.7,4125.75,4125.8,4125.85,4125.9,16,3,6,13,6,13,10,12,13,10,2,1,2,3,1,2,1,2,2,1,dp,BSE:TCS-A,1734957931.240634
4124.0,4123.55,4123.5,4123.45,4123.25,4125.7,4125.75,4125.8,4125.85,4125.9,16,3,6,13,6,13,10,12,13,13,2,1,2,3,1,2,1,2,2,2,dp,BSE:TCS-A,1734957933.295505
4124.0,4123.55,4123.5,4123.45,4123.25,4125.7,4125.75,4125.8,4125.85,4125.9,16,3,6,13,6,13,10,12,16,10,2,1,2,3,1,2,1,2,3,1,dp,BSE:TCS-A,1734957933.727487
4124.0,4123.55,4123.5,4123.45,4123.25,4125.65,4125.7,4125.75,4125.8,4125.85,16,3,6,13,6,1,13,10,12,13,2,1,2,3,1,1,2,1,2,2,dp,BSE:TCS-A,1734957934.44585
4124.0,4123.55,4123.5,4123.45,4123.25,4125.7,4125.75,4125.8,4125.85,4125.9,16,3,6,13,6,14,10,12,13,10,2,1,2,3,1,3,1,2,2,1,dp,BSE:TCS-A,1734957934.88361
4124.15,4124.0,4123.95,4123.75,4123.5,4125.65,4125.7,4125.75,4125.8,4125.85,6,16,6,6,6,1,10,10,12,13,1,2,1,1,2,1,1,1,2,2,dp,BSE:TCS-A,1734957936.787601
4124.15,4124.0,4123.95,4123.75,4123.5,4125.65,4125.7,4125.75,4125.8,4125.85,6,16,6,6,6,1,10,10,12,13,1,2,1,1,2,1,1,1,2,2,dp,BSE:TCS-A,1734957938.547973
4124.15,4124.0,4123.95,4123.75,4123.55,4125.65,4125.7,4125.75,4125.8,4125.85,6,16,6,6,3,7,10,10,12,13,1,2,1,1,1,2,1,1,2,2,dp,BSE:TCS-A,1734957940.374889
4124.0,4123.55,4123.5,4123.45,4123.25,4125.65,4125.7,4125.75,4125.8,4125.85,14,3,6,13,6,6,52,10,12,13,2,1,2,3,1,1,3,1,2,2,dp,BSE:TCS-A,1734957941.975508
4124.0,4123.55,4123.5,4123.45,4123.25,4125.65,4125.7,4125.75,4125.8,4125.85,14,3,6,13,6,6,51,11,12,13,2,1,2,3,1,1,2,2,2,2,dp,BSE:TCS-A,1734957942.541282
4124.0,4123.55,4123.5,4123.45,4123.25,4125.85,4125.9,4125.95,4126.0,4126.15,14,3,6,13,6,13,10,10,16,1,2,1,2,3,1,2,1,1,2,1,dp,BSE:TCS-A,1734957943.373001
4124.0,4123.5,4123.45,4123.3,4123.25,4125.8,4125.85,4125.9,4125.95,4126.0,14,6,13,3,6,1,13,10,10,16,2,2,3,1,1,1,2,1,1,2,dp,BSE:TCS-A,1734957944.475297
4124.1,4124.0,4123.9,4123.75,4123.7,4125.85,4125.9,4125.95,4126.0,4126.2,6,14,6,3,6,13,10,10,16,11,1,2,1,1,1,2,1,1,2,2,dp,BSE:TCS-A,1734957945.68386
4124.1,4124.0,4123.9,4123.7,4123.55,4125.8,4125.85,4125.9,4125.95,4126.0,6,14,6,6,3,1,13,10,10,16,1,2,1,1,1,1,2,1,1,2,dp,BSE:TCS-A,1734957946.891242
4124.1,4124.0,4123.9,4123.75,4123.7,4125.8,4125.85,4125.9,4125.95,4126.0,7,14,6,3,6,1,13,10,10,16,2,2,1,1,1,1,2,1,1,2,dp,BSE:TCS-A,1734957950.490402
4124.1,4124.0,4123.9,4123.75,4123.7,4125.85,4125.9,4125.95,4126.0,4126.2,7,14,6,3,6,14,10,10,16,10,2,2,1,1,1,3,1,1,2,1,dp,BSE:TCS-A,1734957950.881384
4124.1,4124.0,4123.9,4123.75,4123.7,4125.8,4125.85,4125.9,4125.95,4126.0,7,14,6,3,6,1,13,10,10,16,2,2,1,1,1,1,2,1,1,2,dp,BSE:TCS-A,1734957951.686741
4124.1,4124.0,4123.9,4123.75,4123.7,4125.8,4125.85,4125.9,4125.95,4126.0,7,14,6,3,6,1,13,10,10,16,2,2,1,1,1,1,2,1,1,2,dp,BSE:TCS-A,1734957954.50568
4124.1,4124.0,4123.9,4123.7,4123.55,4125.8,4125.85,4125.9,4125.95,4126.0,7,14,6,6,3,1,13,10,10,16,2,2,1,1,1,1,2,1,1,2,dp,BSE:TCS-A,1734957957.453622
4124.1,4124.0,4123.9,4123.75,4123.7,4125.8,4125.85,4125.9,4125.95,4126.0,7,14,6,3,6,1,13,10,10,16,2,2,1,1,1,1,2,1,1,2,dp,BSE:TCS-A,1734957957.790612
4124.1,4124.0,4123.9,4123.7,4123.55,4125.8,4125.85,4125.9,4125.95,4126.0,7,14,6,6,3,1,13,10,10,16,2,2,1,1,1,1,2,1,1,2,dp,BSE:TCS-A,1734957958.583364
4124.1,4124.0,4123.9,4123.7,4123.5,4125.8,4125.85,4125.9,4125.95,4126.0,7,14,6,6,8,5,13,10,10,16,2,2,1,1,2,2,2,1,1,2,dp,BSE:TCS-A,1734957959.809455
4124.1,4124.0,4123.9,4123.7,4123.55,4125.9,4125.95,4126.0,4126.2,4126.25,7,14,6,6,3,10,10,16,10,10,2,2,1,1,1,1,1,2,1,1,dp,BSE:TCS-A,1734957960.511602
4124.1,4124.0,4123.9,4123.75,4123.7,4125.9,4125.95,4126.0,4126.2,4126.25,7,14,6,3,6,10,10,16,10,10,2,2,1,1,1,1,1,2,1,1,dp,BSE:TCS-A,1734957962.18423
4124.1,4124.0,4123.9,4123.7,4123.55,4125.9,4125.95,4126.0,4126.2,4126.25,7,14,6,6,3,10,10,16,10,10,2,2,1,1,1,1,1,2,1,1,dp,BSE:TCS-A,1734957962.949492
4124.1,4124.0,4123.9,4123.75,4123.7,4125.9,4125.95,4126.0,4126.2,4126.25,7,14,6,3,6,10,10,16,10,10,2,2,1,1,1,1,1,2,1,1,dp,BSE:TCS-A,1734957963.399514
4124.15,4124.1,4124.0,4123.9,4123.7,4126.0,4126.25,4126.3,4126.4,4126.65,4,6,14,6,6,6,10,10,14,48,2,1,2,1,1,1,1,1,2,2,dp,BSE:TCS-A,1734957965.798668
4124.1,4124.0,4123.9,4123.7,4123.6,4126.0,4126.25,4126.3,4126.4,4126.45,6,14,6,6,175,6,11,10,14,34,1,2,1,1,1,1,2,1,2,1,dp,BSE:TCS-A,1734957966.993238
4124.15,4124.1,4124.0,4123.9,4123.7,4126.0,4126.25,4126.3,4126.4,4126.45,3,6,14,6,6,6,11,10,14,41,1,1,2,1,1,1,2,1,2,1,dp,BSE:TCS-A,1734957968.194308
4124.15,4124.1,4124.0,4123.95,4123.9,4126.7,4127.0,4127.05,4127.1,4127.15,10,6,24,10,6,8,5,3,10,3,2,1,3,1,1,2,2,1,2,1,dp,BSE:TCS-A,1734957969.409707
4125.2,4125.0,4124.85,4124.8,4124.6,4127.0,4127.05,4127.15,4127.2,4127.4,6,10,3,16,6,5,3,3,34,3,1,2,1,2,1,2,1,1,1,1,dp,BSE:TCS-A,1734957970.603328
4125.2,4125.0,4124.8,4124.65,4124.6,4127.0,4127.05,4127.15,4127.2,4127.4,6,10,16,3,6,5,3,3,34,3,1,2,2,1,1,2,1,1,1,1,dp,BSE:TCS-A,1734957971.797997
