ltp,vol_traded_today,last_traded_time,exch_feed_time,bid_size,ask_size,bid_price,ask_price,last_traded_qty,tot_buy_qty,tot_sell_qty,avg_trade_price,low_price,high_price,lower_ckt,upper_ckt,open_price,prev_close_price,type,symbol,ch,chp,time
4126.05,18599,1734936166,1734936171,6,16,4122.4,4125.45,10,16492,130865,4166.98,4119.0,4215.35,0,0,4199.0,4168.05,sf,BSE:TCS-A,-42.0,-1.0077,1734955972.111486
4126.05,18599,1734936166,1734936172,6,16,4122.4,4125.45,10,16459,131742,4166.98,4119.0,4215.35,0,0,4199.0,4168.05,sf,BSE:TCS-A,-42.0,-1.0077,1734955973.344655
4126.05,18599,1734936166,1734936172,6,16,4122.4,4125.45,10,16108,131853,4166.98,4119.0,4215.35,0,0,4199.0,4168.05,sf,BSE:TCS-A,-42.0,-1.0077,1734955973.724147
4126.05,18599,1734936166,1734936173,6,16,4122.4,4125.45,10,16452,131178,4166.98,4119.0,4215.35,0,0,4199.0,4168.05,sf,BSE:TCS-A,-42.0,-1.0077,1734955974.517417
4126.05,18599,1734936166,1734936174,6,16,4122.4,4125.45,10,16452,131907,4166.98,4119.0,4215.35,0,0,4199.0,4168.05,sf,BSE:TCS-A,-42.0,-1.0077,1734955974.853439
4126.05,18599,1734936166,1734936177,16,16,4122.4,4125.45,10,16377,132162,4166.98,4119.0,4215.35,0,0,4199.0,4168.05,sf,BSE:TCS-A,-42.0,-1.0077,1734955978.059892
4126.05,18599,1734936166,1734936177,16,16,4122.4,4125.45,10,16384,132162,4166.98,4119.0,4215.35,0,0,4199.0,4168.05,sf,BSE:TCS-A,-42.0,-1.0077,1734955978.479718
4126.05,18599,1734936166,1734936178,10,10,4122.45,4125.6,10,16224,132058,4166.98,4119.0,4215.35,0,0,4199.0,4168.05,sf,BSE:TCS-A,-42.0,-1.0077,1734955979.390464
4126.05,18599,1734936166,1734936179,10,10,4122.45,4125.6,10,16658,132110,4166.98,4119.0,4215.35,0,0,4199.0,4168.05,sf,BSE:TCS-A,-42.0,-1.0077,1734955979.692485
4125.65,18660,1734936179,1734936180,8,26,4122.5,4125.8,51,16446,130996,4166.85,4119.0,4215.35,0,0,4199.0,4168.05,sf,BSE:TCS-A,-42.4,-1.0173,1734955981.029244
4125.65,18660,1734936179,1734936181,8,26,4122.5,4125.8,51,16441,131481,4166.85,4119.0,4215.35,0,0,4199.0,4168.05,sf,BSE:TCS-A,-42.4,-1.0173,1734955981.828198
4125.65,18660,1734936179,1734936181,8,26,4122.5,4125.8,51,15718,131481,4166.85,4119.0,4215.35,0,0,4199.0,4168.05,sf,BSE:TCS-A,-42.4,-1.0173,1734955982.477449
4125.65,18660,1734936179,1734936182,8,26,4122.5,4125.8,51,16441,131708,4166.85,4119.0,4215.35,0,0,4199.0,4168.05,sf,BSE:TCS-A,-42.4,-1.0173,1734955983.727188
4125.65,18660,1734936179,1734936183,8,26,4122.5,4125.8,51,16444,132000,4166.85,4119.0,4215.35,0,0,4199.0,4168.05,sf,BSE:TCS-A,-42.4,-1.0173,1734955984.615407
4125.65,18660,1734936179,1734936185,6,17,4123.6,4126.0,51,16403,131913,4166.85,4119.0,4215.35,0,0,4199.0,4168.05,sf,BSE:TCS-A,-42.4,-1.0173,1734955986.160348
4125.65,18660,1734936179,1734936187,5,7,4123.6,4126.0,51,16586,131802,4166.85,4119.0,4215.35,0,0,4199.0,4168.05,sf,BSE:TCS-A,-42.4,-1.0173,1734955988.221436
4125.65,18660,1734936179,1734936189,5,7,4123.6,4126.0,51,17416,131886,4166.85,4119.0,4215.35,0,0,4199.0,4168.05,sf,BSE:TCS-A,-42.4,-1.0173,1734955989.765082
4125.65,18660,1734936179,1734936196,23,32,4124.8,4127.0,51,16713,131322,4166.85,4119.0,4215.35,0,0,4199.0,4168.05,sf,BSE:TCS-A,-42.4,-1.0173,1734955996.963506
4125.65,18660,1734936179,1734936197,13,32,4124.8,4127.0,51,17312,131101,4166.85,4119.0,4215.35,0,0,4199.0,4168.05,sf,BSE:TCS-A,-42.4,-1.0173,1734955998.174894
4125.65,18660,1734936179,1734936198,13,32,4124.8,4127.0,51,16441,130621,4166.85,4119.0,4215.35,0,0,4199.0,4168.05,sf,BSE:TCS-A,-42.4,-1.0173,1734955999.378644
4125.65,18660,1734936179,1734936199,13,32,4124.8,4127.0,51,16837,130672,4166.85,4119.0,4215.35,0,0,4199.0,4168.05,sf,BSE:TCS-A,-42.4,-1.0173,1734955999.789796
4125.65,18660,1734936179,1734936199,3,32,4125.65,4127.0,51,16722,131218,4166.85,4119.0,4215.35,0,0,4199.0,4168.05,sf,BSE:TCS-A,-42.4,-1.0173,1734956000.672583
4125.65,18660,1734936179,1734936201,3,32,4125.65,4127.0,51,16720,130602,4166.85,4119.0,4215.35,0,0,4199.0,4168.05,sf,BSE:TCS-A,-42.4,-1.0173,1734956001.895568
4125.65,18660,1734936179,1734936203,8,25,4125.65,4127.0,51,16446,130719,4166.85,4119.0,4215.35,0,0,4199.0,4168.05,sf,BSE:TCS-A,-42.4,-1.0173,1734956004.170554
4125.65,18660,1734936179,1734936204,18,25,4125.65,4127.0,51,15760,130715,4166.85,4119.0,4215.35,0,0,4199.0,4168.05,sf,BSE:TCS-A,-42.4,-1.0173,1734956004.679726
4127.0,18685,1734936206,1734936207,18,34,4125.65,4128.8,25,15872,130413,4166.79,4119.0,4215.35,0,0,4199.0,4168.05,sf,BSE:TCS-A,-41.05,-0.9849,1734956008.604027
4127.0,18685,1734936206,1734936212,7,22,4126.1,4129.0,25,16151,130895,4166.79,4119.0,4215.35,0,0,4199.0,4168.05,sf,BSE:TCS-A,-41.05,-0.9849,1734956013.002366
4127.0,18685,1734936206,1734936215,11,22,4126.15,4129.0,25,16062,130502,4166.79,4119.0,4215.35,0,0,4199.0,4168.05,sf,BSE:TCS-A,-41.05,-0.9849,1734956015.967761
4125.65,18689,1734936216,1734936216,1,42,4125.2,4127.95,4,15868,131310,4166.79,4119.0,4215.35,0,0,4199.0,4168.05,sf,BSE:TCS-A,-42.4,-1.0173,1734956017.225843
4125.65,18689,1734936216,1734936226,22,26,4125.55,4127.95,4,16675,130735,4166.79,4119.0,4215.35,0,0,4199.0,4168.05,sf,BSE:TCS-A,-42.4,-1.0173,1734956027.217568
4125.65,18689,1734936216,1734936227,22,26,4125.55,4127.95,4,15927,130485,4166.79,4119.0,4215.35,0,0,4199.0,4168.05,sf,BSE:TCS-A,-42.4,-1.0173,1734956027.900224
4125.55,18690,1734936227,1734936231,1,5,4125.55,4127.55,1,15729,131124,4166.78,4119.0,4215.35,0,0,4199.0,4168.05,sf,BSE:TCS-A,-42.5,-1.0197,1734956031.513256
4125.55,18690,1734936227,1734936231,1,5,4125.55,4127.55,1,15733,131157,4166.78,4119.0,4215.35,0,0,4199.0,4168.05,sf,BSE:TCS-A,-42.5,-1.0197,1734956032.41396
4125.55,18690,1734936227,1734936232,1,5,4125.55,4127.55,1,15267,131223,4166.78,4119.0,4215.35,0,0,4199.0,4168.05,sf,BSE:TCS-A,-42.5,-1.0197,1734956032.74004
4125.55,18690,1734936227,1734936232,1,5,4125.55,4127.55,1,15591,131221,4166.78,4119.0,4215.35,0,0,4199.0,4168.05,sf,BSE:TCS-A,-42.5,-1.0197,1734956033.612299
4125.55,18690,1734936227,1734936233,1,5,4125.55,4127.55,1,15129,131223,4166.78,4119.0,4215.35,0,0,4199.0,4168.05,sf,BSE:TCS-A,-42.5,-1.0197,1734956034.439873
4125.55,18690,1734936227,1734936233,1,5,4125.55,4127.55,1,15264,131251,4166.78,4119.0,4215.35,0,0,4199.0,4168.05,sf,BSE:TCS-A,-42.5,-1.0197,1734956034.816497
4125.55,18690,1734936227,1734936234,1,5,4125.55,4127.55,1,15264,131183,4166.78,4119.0,4215.35,0,0,4199.0,4168.05,sf,BSE:TCS-A,-42.5,-1.0197,1734956035.516806
4125.55,18690,1734936227,1734936235,1,5,4125.55,4127.55,1,15650,131179,4166.78,4119.0,4215.35,0,0,4199.0,4168.05,sf,BSE:TCS-A,-42.5,-1.0197,1734956036.03348
4125.55,18691,1734936235,1734936236,5,5,4125.2,4127.55,1,15723,131123,4166.78,4119.0,4215.35,0,0,4199.0,4168.05,sf,BSE:TCS-A,-42.5,-1.0197,1734956037.223043
4125.55,18691,1734936235,1734936238,5,6,4125.2,4127.45,1,15440,130882,4166.78,4119.0,4215.35,0,0,4199.0,4168.05,sf,BSE:TCS-A,-42.5,-1.0197,1734956039.607306
4125.55,18691,1734936235,1734936239,5,6,4125.2,4127.45,1,15439,130882,4166.78,4119.0,4215.35,0,0,4199.0,4168.05,sf,BSE:TCS-A,-42.5,-1.0197,1734956040.322844
4125.55,18708,1734936243,1734936246,12,10,4125.45,4127.8,15,15731,130632,4166.74,4119.0,4215.35,0,0,4199.0,4168.05,sf,BSE:TCS-A,-42.5,-1.0197,1734956047.224116
4125.55,18708,1734936243,1734936249,11,53,4126.35,4128.85,15,15999,130382,4166.74,4119.0,4215.35,0,0,4199.0,4168.05,sf,BSE:TCS-A,-42.5,-1.0197,1734956049.717772
4125.55,18708,1734936243,1734936250,1,63,4126.35,4128.85,15,15717,131209,4166.74,4119.0,4215.35,0,0,4199.0,4168.05,sf,BSE:TCS-A,-42.5,-1.0197,1734956050.822086
4125.55,18708,1734936243,1734936252,5,10,4126.35,4128.8,15,16059,130424,4166.74,4119.0,4215.35,0,0,4199.0,4168.05,sf,BSE:TCS-A,-42.5,-1.0197,1734956053.234737
4125.55,18708,1734936243,1734936253,11,5,4126.45,4128.75,15,15812,130407,4166.74,4119.0,4215.35,0,0,4199.0,4168.05,sf,BSE:TCS-A,-42.5,-1.0197,1734956054.939878
4125.55,18708,1734936243,1734936255,11,5,4126.45,4128.8,15,15460,130824,4166.74,4119.0,4215.35,0,0,4199.0,4168.05,sf,BSE:TCS-A,-42.5,-1.0197,1734956056.479919
4125.55,18708,1734936243,1734936256,11,5,4126.45,4128.8,15,15736,130726,4166.74,4119.0,4215.35,0,0,4199.0,4168.05,sf,BSE:TCS-A,-42.5,-1.0197,1734956057.222275
4125.55,18708,1734936243,1734936258,8,37,4125.65,4128.6,15,15469,131005,4166.74,4119.0,4215.35,0,0,4199.0,4168.05,sf,BSE:TCS-A,-42.5,-1.0197,1734956059.321005
4125.55,18708,1734936243,1734936259,8,8,4125.65,4128.55,15,15268,130562,4166.74,4119.0,4215.35,0,0,4199.0,4168.05,sf,BSE:TCS-A,-42.5,-1.0197,1734956060.567741
4125.55,18708,1734936243,1734936260,8,7,4125.65,4128.5,15,15268,130584,4166.74,4119.0,4215.35,0,0,4199.0,4168.05,sf,BSE:TCS-A,-42.5,-1.0197,1734956060.921899
4125.55,18708,1734936243,1734936261,8,5,4125.65,4128.5,15,15867,130834,4166.74,4119.0,4215.35,0,0,4199.0,4168.05,sf,BSE:TCS-A,-42.5,-1.0197,1734956062.131108
4125.55,18708,1734936243,1734936262,8,5,4125.65,4128.45,15,15177,130454,4166.74,4119.0,4215.35,0,0,4199.0,4168.05,sf,BSE:TCS-A,-42.5,-1.0197,1734956063.323656
4125.55,18708,1734936243,1734936263,8,14,4125.65,4128.4,15,15874,130458,4166.74,4119.0,4215.35,0,0,4199.0,4168.05,sf,BSE:TCS-A,-42.5,-1.0197,1734956064.571155
4125.55,18708,1734936243,1734936265,8,8,4125.65,4128.4,15,15598,130457,4166.74,4119.0,4215.35,0,0,4199.0,4168.05,sf,BSE:TCS-A,-42.5,-1.0197,1734956065.777515
4125.55,18708,1734936243,1734936265,8,8,4125.65,4128.4,15,15696,130258,4166.74,4119.0,4215.35,0,0,4199.0,4168.05,sf,BSE:TCS-A,-42.5,-1.0197,1734956066.566302
4125.55,18708,1734936243,1734936267,8,8,4125.65,4128.4,15,15887,130867,4166.74,4119.0,4215.35,0,0,4199.0,4168.05,sf,BSE:TCS-A,-42.5,-1.0197,1734956067.781098
4125.55,18708,1734936243,1734936268,4,3,4125.75,4128.4,15,16579,130103,4166.74,4119.0,4215.35,0,0,4199.0,4168.05,sf,BSE:TCS-A,-42.5,-1.0197,1734956069.443968
4125.55,18708,1734936243,1734936270,4,3,4125.75,4128.4,15,15145,131151,4166.74,4119.0,4215.35,0,0,4199.0,4168.05,sf,BSE:TCS-A,-42.5,-1.0197,1734956070.527416
4125.55,18708,1734936243,1734936273,8,19,4125.65,4128.4,15,15728,130962,4166.74,4119.0,4215.35,0,0,4199.0,4168.05,sf,BSE:TCS-A,-42.5,-1.0197,1734956074.664789
4125.55,18708,1734936243,1734936274,9,10,4125.65,4128.35,15,15918,130446,4166.74,4119.0,4215.35,0,0,4199.0,4168.05,sf,BSE:TCS-A,-42.5,-1.0197,1734956074.984743
4125.55,18708,1734936243,1734936275,9,10,4125.65,4128.35,15,16100,130555,4166.74,4119.0,4215.35,0,0,4199.0,4168.05,sf,BSE:TCS-A,-42.5,-1.0197,1734956075.744573
4125.55,18708,1734936243,1734936275,3,16,4125.65,4128.3,15,15698,130825,4166.74,4119.0,4215.35,0,0,4199.0,4168.05,sf,BSE:TCS-A,-42.5,-1.0197,1734956076.633152
4125.55,18708,1734936243,1734936277,3,37,4125.65,4127.95,15,15610,130453,4166.74,4119.0,4215.35,0,0,4199.0,4168.05,sf,BSE:TCS-A,-42.5,-1.0197,1734956077.829639
4125.2,18714,1734936277,1734936278,10,10,4125.55,4127.25,1,16333,131484,4166.73,4119.0,4215.35,0,0,4199.0,4168.05,sf,BSE:TCS-A,-42.85,-1.0281,1734956079.860049
4125.2,18714,1734936277,1734936279,10,12,4125.55,4127.2,1,16506,130955,4166.73,4119.0,4215.35,0,0,4199.0,4168.05,sf,BSE:TCS-A,-42.85,-1.0281,1734956080.248621
4127.15,18724,1734936279,1734936280,10,26,4125.55,4127.15,10,15726,130983,4166.71,4119.0,4215.35,0,0,4199.0,4168.05,sf,BSE:TCS-A,-40.9,-0.9813,1734956080.944867
4127.15,18724,1734936279,1734936280,10,28,4125.55,4127.15,10,16545,130905,4166.71,4119.0,4215.35,0,0,4199.0,4168.05,sf,BSE:TCS-A,-40.9,-0.9813,1734956081.739872
4127.15,18724,1734936279,1734936283,10,7,4125.55,4127.15,10,15718,131005,4166.71,4119.0,4215.35,0,0,4199.0,4168.05,sf,BSE:TCS-A,-40.9,-0.9813,1734956084.15438
4127.15,18724,1734936279,1734936283,10,7,4125.55,4127.15,10,15718,130225,4166.71,4119.0,4215.35,0,0,4199.0,4168.05,sf,BSE:TCS-A,-40.9,-0.9813,1734956084.639468
4127.15,18724,1734936279,1734936284,10,20,4125.55,4127.5,10,15330,130630,4166.71,4119.0,4215.35,0,0,4199.0,4168.05,sf,BSE:TCS-A,-40.9,-0.9813,1734956085.55246
4127.15,18724,1734936279,1734936285,10,20,4125.55,4127.5,10,15330,130550,4166.71,4119.0,4215.35,0,0,4199.0,4168.05,sf,BSE:TCS-A,-40.9,-0.9813,1734956085.895799
4125.55,18734,1734936285,1734936285,6,30,4125.0,4127.5,10,15937,130214,4166.69,4119.0,4215.35,0,0,4199.0,4168.05,sf,BSE:TCS-A,-42.5,-1.0197,1734956086.780065
4125.55,18734,1734936285,1734936286,6,30,4125.0,4127.5,10,15365,129768,4166.69,4119.0,4215.35,0,0,4199.0,4168.05,sf,BSE:TCS-A,-42.5,-1.0197,1734956086.939529
4125.55,18734,1734936285,1734936287,6,30,4125.0,4127.5,10,15430,129812,4166.69,4119.0,4215.35,0,0,4199.0,4168.05,sf,BSE:TCS-A,-42.5,-1.0197,1734956087.99867
4125.0,18736,1734936288,1734936290,1,27,4124.8,4126.7,2,14898,130667,4166.68,4119.0,4215.35,0,0,4199.0,4168.05,sf,BSE:TCS-A,-43.05,-1.0329,1734956090.665004
4125.0,18736,1734936288,1734936290,1,21,4124.8,4126.85,2,15622,129799,4166.68,4119.0,4215.35,0,0,4199.0,4168.05,sf,BSE:TCS-A,-43.05,-1.0329,1734956091.459082
4125.0,18736,1734936288,1734936291,1,25,4124.8,4126.8,2,15622,129875,4166.68,4119.0,4215.35,0,0,4199.0,4168.05,sf,BSE:TCS-A,-43.05,-1.0329,1734956091.838896
4125.0,18736,1734936288,1734936293,1,18,4124.8,4127.05,2,14933,129800,4166.68,4119.0,4215.35,0,0,4199.0,4168.05,sf,BSE:TCS-A,-43.05,-1.0329,1734956093.946754
4124.4,18750,1734936293,1734936294,1,6,4124.25,4126.05,6,15786,130340,4166.65,4119.0,4215.35,0,0,4199.0,4168.05,sf,BSE:TCS-A,-43.65,-1.0473,1734956095.149077
4124.4,18750,1734936293,1734936295,1,6,4124.25,4126.05,6,15811,130203,4166.65,4119.0,4215.35,0,0,4199.0,4168.05,sf,BSE:TCS-A,-43.65,-1.0473,1734956095.848388
4124.4,18750,1734936293,1734936297,11,6,4124.3,4126.85,6,15481,129954,4166.65,4119.0,4215.35,0,0,4199.0,4168.05,sf,BSE:TCS-A,-43.65,-1.0473,1734956097.586132
4124.4,18750,1734936293,1734936299,15,8,4124.3,4126.85,6,15816,130292,4166.65,4119.0,4215.35,0,0,4199.0,4168.05,sf,BSE:TCS-A,-43.65,-1.0473,1734956100.675354
4124.4,18750,1734936293,1734936301,15,24,4124.3,4126.85,6,15050,130263,4166.65,4119.0,4215.35,0,0,4199.0,4168.05,sf,BSE:TCS-A,-43.65,-1.0473,1734956102.407652
4124.4,18750,1734936293,1734936302,15,24,4124.3,4126.85,6,15835,129721,4166.65,4119.0,4215.35,0,0,4199.0,4168.05,sf,BSE:TCS-A,-43.65,-1.0473,1734956102.648988
4124.4,18750,1734936293,1734936302,15,24,4124.3,4126.85,6,15702,130210,4166.65,4119.0,4215.35,0,0,4199.0,4168.05,sf,BSE:TCS-A,-43.65,-1.0473,1734956103.195745
4124.4,18750,1734936293,1734936304,1,8,4124.3,4126.85,6,14831,130442,4166.65,4119.0,4215.35,0,0,4199.0,4168.05,sf,BSE:TCS-A,-43.65,-1.0473,1734956105.195072
4124.4,18750,1734936293,1734936305,1,8,4124.3,4126.85,6,14931,130533,4166.65,4119.0,4215.35,0,0,4199.0,4168.05,sf,BSE:TCS-A,-43.65,-1.0473,1734956105.938506
4124.4,18750,1734936293,1734936307,1,34,4124.35,4126.85,6,14820,130219,4166.65,4119.0,4215.35,0,0,4199.0,4168.05,sf,BSE:TCS-A,-43.65,-1.0473,1734956108.144894
4124.4,18750,1734936293,1734936308,27,31,4124.4,4127.2,6,15474,129956,4166.65,4119.0,4215.35,0,0,4199.0,4168.05,sf,BSE:TCS-A,-43.65,-1.0473,1734956109.350805
4124.4,18750,1734936293,1734936311,8,6,4124.5,4127.35,6,15646,129947,4166.65,4119.0,4215.35,0,0,4199.0,4168.05,sf,BSE:TCS-A,-43.65,-1.0473,1734956111.838605
4124.4,18750,1734936293,1734936312,10,6,4124.55,4127.35,6,15120,129520,4166.65,4119.0,4215.35,0,0,4199.0,4168.05,sf,BSE:TCS-A,-43.65,-1.0473,1734956113.160065
4124.4,18750,1734936293,1734936313,10,6,4124.55,4127.35,6,15431,129019,4166.65,4119.0,4215.35,0,0,4199.0,4168.05,sf,BSE:TCS-A,-43.65,-1.0473,1734956114.436505
4124.4,18750,1734936293,1734936316,23,22,4125.1,4127.65,6,14492,129374,4166.65,4119.0,4215.35,0,0,4199.0,4168.05,sf,BSE:TCS-A,-43.65,-1.0473,1734956116.980464
4124.8,18784,1734936317,1734936318,10,22,4124.8,4127.65,5,14812,129393,4166.58,4119.0,4215.35,0,0,4199.0,4168.05,sf,BSE:TCS-A,-43.25,-1.0377,1734956118.904754
4124.8,18784,1734936317,1734936318,10,6,4124.8,4127.65,5,14456,129384,4166.58,4119.0,4215.35,0,0,4199.0,4168.05,sf,BSE:TCS-A,-43.25,-1.0377,1734956119.338995
4124.8,18784,1734936317,1734936321,5,10,4124.8,4127.05,5,15019,130081,4166.58,4119.0,4215.35,0,0,4199.0,4168.05,sf,BSE:TCS-A,-43.25,-1.0377,1734956121.773029
4124.8,18784,1734936317,1734936321,5,10,4124.8,4127.05,5,15021,129961,4166.58,4119.0,4215.35,0,0,4199.0,4168.05,sf,BSE:TCS-A,-43.25,-1.0377,1734956122.546781
4124.8,18784,1734936317,1734936322,5,10,4124.8,4127.05,5,14757,129866,4166.58,4119.0,4215.35,0,0,4199.0,4168.05,sf,BSE:TCS-A,-43.25,-1.0377,1734956123.355852
4124.8,18784,1734936317,1734936323,5,10,4124.8,4127.05,5,15077,129513,4166.58,4119.0,4215.35,0,0,4199.0,4168.05,sf,BSE:TCS-A,-43.25,-1.0377,1734956123.769773
4124.8,18784,1734936317,1734936323,5,10,4124.8,4127.05,5,14980,129867,4166.58,4119.0,4215.35,0,0,4199.0,4168.05,sf,BSE:TCS-A,-43.25,-1.0377,1734956125.116055
4124.8,18784,1734936317,1734936325,8,10,4124.85,4127.05,5,14991,129527,4166.58,4119.0,4215.35,0,0,4199.0,4168.05,sf,BSE:TCS-A,-43.25,-1.0377,1734956126.493648
4124.8,18784,1734936317,1734936328,9,10,4124.85,4127.05,5,14746,129634,4166.58,4119.0,4215.35,0,0,4199.0,4168.05,sf,BSE:TCS-A,-43.25,-1.0377,1734956129.460508
4124.8,18784,1734936317,1734936329,9,10,4124.85,4127.05,5,14768,129724,4166.58,4119.0,4215.35,0,0,4199.0,4168.05,sf,BSE:TCS-A,-43.25,-1.0377,1734956130.178737
4124.8,18784,1734936317,1734936331,9,6,4124.85,4127.05,5,14570,129968,4166.58,4119.0,4215.35,0,0,4199.0,4168.05,sf,BSE:TCS-A,-43.25,-1.0377,1734956132.016787
4124.8,18784,1734936317,1734936331,9,6,4124.85,4127.05,5,14570,129320,4166.58,4119.0,4215.35,0,0,4199.0,4168.05,sf,BSE:TCS-A,-43.25,-1.0377,1734956132.487637
4124.8,18784,1734936317,1734936338,5,6,4124.95,4126.55,5,14890,129837,4166.58,4119.0,4215.35,0,0,4199.0,4168.05,sf,BSE:TCS-A,-43.25,-1.0377,1734956139.151561
4124.8,18784,1734936317,1734936339,5,7,4124.95,4126.55,5,14859,129730,4166.58,4119.0,4215.35,0,0,4199.0,4168.05,sf,BSE:TCS-A,-43.25,-1.0377,1734956140.283391
4124.8,18784,1734936317,1734936339,5,7,4124.95,4126.55,5,14916,129895,4166.58,4119.0,4215.35,0,0,4199.0,4168.05,sf,BSE:TCS-A,-43.25,-1.0377,1734956140.73517
4124.8,18784,1734936317,1734936340,5,7,4124.95,4126.55,5,14859,129636,4166.58,4119.0,4215.35,0,0,4199.0,4168.05,sf,BSE:TCS-A,-43.25,-1.0377,1734956141.470174
4124.8,18784,1734936317,1734936343,5,7,4124.95,4126.55,5,14881,129490,4166.58,4119.0,4215.35,0,0,4199.0,4168.05,sf,BSE:TCS-A,-43.25,-1.0377,1734956144.428004
4124.8,18784,1734936317,1734936344,5,7,4124.95,4126.55,5,14931,129148,4166.58,4119.0,4215.35,0,0,4199.0,4168.05,sf,BSE:TCS-A,-43.25,-1.0377,1734956145.040955
4124.8,18784,1734936317,1734936344,5,7,4124.95,4126.55,5,14934,129476,4166.58,4119.0,4215.35,0,0,4199.0,4168.05,sf,BSE:TCS-A,-43.25,-1.0377,1734956145.448051
4126.55,18789,1734936346,1734936347,5,2,4124.95,4126.55,5,14861,129703,4166.57,4119.0,4215.35,0,0,4199.0,4168.05,sf,BSE:TCS-A,-41.5,-0.9957,1734956147.873851
4126.55,18789,1734936346,1734936348,5,2,4124.95,4126.55,5,14092,129974,4166.57,4119.0,4215.35,0,0,4199.0,4168.05,sf,BSE:TCS-A,-41.5,-0.9957,1734956149.458354
4126.55,18789,1734936346,1734936349,5,2,4124.95,4126.55,5,14864,129204,4166.57,4119.0,4215.35,0,0,4199.0,4168.05,sf,BSE:TCS-A,-41.5,-0.9957,1734956150.208167
4126.55,18789,1734936346,1734936349,5,2,4124.95,4126.55,5,14155,129301,4166.57,4119.0,4215.35,0,0,4199.0,4168.05,sf,BSE:TCS-A,-41.5,-0.9957,1734956150.818052
4126.55,18789,1734936346,1734936350,5,2,4124.95,4126.55,5,14919,129033,4166.57,4119.0,4215.35,0,0,4199.0,4168.05,sf,BSE:TCS-A,-41.5,-0.9957,1734956151.490893
4126.55,18789,1734936346,1734936350,5,2,4124.95,4126.55,5,14918,129079,4166.57,4119.0,4215.35,0,0,4199.0,4168.05,sf,BSE:TCS-A,-41.5,-0.9957,1734956152.036023
4126.55,18789,1734936346,1734936351,5,2,4124.95,4126.55,5,14826,129648,4166.57,4119.0,4215.35,0,0,4199.0,4168.05,sf,BSE:TCS-A,-41.5,-0.9957,1734956152.656159
4126.55,18789,1734936346,1734936353,5,2,4124.95,4126.55,5,14925,129817,4166.57,4119.0,4215.35,0,0,4199.0,4168.05,sf,BSE:TCS-A,-41.5,-0.9957,1734956154.310834
4126.55,18789,1734936346,1734936354,4,2,4124.9,4126.55,5,14946,130013,4166.57,4119.0,4215.35,0,0,4199.0,4168.05,sf,BSE:TCS-A,-41.5,-0.9957,1734956155.531892
4126.55,18789,1734936346,1734936355,4,2,4124.9,4126.55,5,14965,129838,4166.57,4119.0,4215.35,0,0,4199.0,4168.05,sf,BSE:TCS-A,-41.5,-0.9957,1734956156.324633
4126.55,18789,1734936346,1734936355,4,6,4124.9,4126.55,5,14970,130086,4166.57,4119.0,4215.35,0,0,4199.0,4168.05,sf,BSE:TCS-A,-41.5,-0.9957,1734956156.662143
4126.55,18789,1734936346,1734936358,8,2,4124.7,4126.55,5,15112,129378,4166.57,4119.0,4215.35,0,0,4199.0,4168.05,sf,BSE:TCS-A,-41.5,-0.9957,1734956159.234874
4126.55,18789,1734936346,1734936359,9,2,4124.75,4126.55,5,14950,130040,4166.57,4119.0,4215.35,0,0,4199.0,4168.05,sf,BSE:TCS-A,-41.5,-0.9957,1734956160.357958
4126.55,18789,1734936346,1734936361,9,2,4124.75,4126.55,5,14697,130009,4166.57,4119.0,4215.35,0,0,4199.0,4168.05,sf,BSE:TCS-A,-41.5,-0.9957,1734956162.995348
4126.55,18789,1734936346,1734936363,9,2,4124.75,4126.55,5,14560,129782,4166.57,4119.0,4215.35,0,0,4199.0,4168.05,sf,BSE:TCS-A,-41.5,-0.9957,1734956163.811436
4126.55,18789,1734936346,1734936365,9,6,4124.6,4126.55,5,15156,130084,4166.57,4119.0,4215.35,0,0,4199.0,4168.05,sf,BSE:TCS-A,-41.5,-0.9957,1734956166.251513
4126.55,18789,1734936346,1734936365,9,6,4124.6,4126.55,5,15156,130089,4166.57,4119.0,4215.35,0,0,4199.0,4168.05,sf,BSE:TCS-A,-41.5,-0.9957,1734956166.774945
4126.55,18789,1734936346,1734936366,9,6,4124.6,4126.55,5,14291,130038,4166.57,4119.0,4215.35,0,0,4199.0,4168.05,sf,BSE:TCS-A,-41.5,-0.9957,1734956167.458343
4126.55,18789,1734936346,1734936369,6,6,4124.6,4126.55,5,15020,129860,4166.57,4119.0,4215.35,0,0,4199.0,4168.05,sf,BSE:TCS-A,-41.5,-0.9957,1734956170.478423
4126.55,18789,1734936346,1734936370,6,6,4124.6,4126.55,5,15114,129747,4166.57,4119.0,4215.35,0,0,4199.0,4168.05,sf,BSE:TCS-A,-41.5,-0.9957,1734956171.150595
4126.55,18789,1734936346,1734936372,7,6,4124.75,4126.55,5,15104,130061,4166.57,4119.0,4215.35,0,0,4199.0,4168.05,sf,BSE:TCS-A,-41.5,-0.9957,1734956173.156224
4126.55,18789,1734936346,1734936374,8,1,4124.85,4126.55,5,14985,130035,4166.57,4119.0,4215.35,0,0,4199.0,4168.05,sf,BSE:TCS-A,-41.5,-0.9957,1734956174.811168
4126.55,18789,1734936346,1734936377,5,1,4124.85,4126.55,5,15059,130093,4166.57,4119.0,4215.35,0,0,4199.0,4168.05,sf,BSE:TCS-A,-41.5,-0.9957,1734956178.830721
4126.55,18789,1734936346,1734936384,9,1,4124.9,4126.55,5,14942,129397,4166.57,4119.0,4215.35,0,0,4199.0,4168.05,sf,BSE:TCS-A,-41.5,-0.9957,1734956184.743989
4126.55,18789,1734936346,1734936388,6,5,4124.9,4126.55,5,15004,130126,4166.57,4119.0,4215.35,0,0,4199.0,4168.05,sf,BSE:TCS-A,-41.5,-0.9957,1734956188.833203
4126.75,18797,1734936390,1734936390,8,7,4124.95,4126.95,6,14938,129512,4166.55,4119.0,4215.35,0,0,4199.0,4168.05,sf,BSE:TCS-A,-41.3,-0.9909,1734956191.520968
4127.2,18814,1734936390,1734936392,10,6,4125.0,4127.25,10,14620,129780,4166.51,4119.0,4215.35,0,0,4199.0,4168.05,sf,BSE:TCS-A,-40.85,-0.9801,1734956192.839306
4126.55,18819,1734936394,1734936394,3,7,4125.05,4127.25,5,14181,130125,4166.5,4119.0,4215.35,0,0,4199.0,4168.05,sf,BSE:TCS-A,-41.5,-0.9957,1734956195.246713
4126.55,18819,1734936394,1734936397,4,11,4125.0,4127.25,5,14991,130196,4166.5,4119.0,4215.35,0,0,4199.0,4168.05,sf,BSE:TCS-A,-41.5,-0.9957,1734956198.457614
4125.0,18828,1734936399,1734936400,3,9,4124.3,4126.85,4,15049,129604,4166.48,4119.0,4215.35,0,0,4199.0,4168.05,sf,BSE:TCS-A,-43.05,-1.0329,1734956201.633581
4125.0,18828,1734936399,1734936402,7,7,4124.3,4126.85,4,14284,129429,4166.48,4119.0,4215.35,0,0,4199.0,4168.05,sf,BSE:TCS-A,-43.05,-1.0329,1734956203.014031
4125.0,18828,1734936399,1734936403,7,7,4124.35,4126.85,4,15121,129697,4166.48,4119.0,4215.35,0,0,4199.0,4168.05,sf,BSE:TCS-A,-43.05,-1.0329,1734956204.431134
4125.0,18828,1734936399,1734936404,7,7,4124.35,4126.85,4,15121,129701,4166.48,4119.0,4215.35,0,0,4199.0,4168.05,sf,BSE:TCS-A,-43.05,-1.0329,1734956204.88479
4125.0,18828,1734936399,1734936404,7,7,4124.35,4126.85,4,15139,129865,4166.48,4119.0,4215.35,0,0,4199.0,4168.05,sf,BSE:TCS-A,-43.05,-1.0329,1734956205.468697
4125.0,18828,1734936399,1734936406,7,7,4124.4,4126.85,4,15035,129838,4166.48,4119.0,4215.35,0,0,4199.0,4168.05,sf,BSE:TCS-A,-43.05,-1.0329,1734956207.238487
4125.0,18828,1734936399,1734936407,4,7,4124.45,4126.85,4,15039,129807,4166.48,4119.0,4215.35,0,0,4199.0,4168.05,sf,BSE:TCS-A,-43.05,-1.0329,1734956207.64443
4125.0,18828,1734936399,1734936408,4,32,4124.5,4126.8,4,14685,129972,4166.48,4119.0,4215.35,0,0,4199.0,4168.05,sf,BSE:TCS-A,-43.05,-1.0329,1734956208.981983
4126.75,18833,1734936408,1734936410,3,6,4124.4,4126.75,5,15528,129386,4166.47,4119.0,4215.35,0,0,4199.0,4168.05,sf,BSE:TCS-A,-41.3,-0.9909,1734956211.731346
4124.3,18844,1734936411,1734936414,3,14,4124.15,4126.1,4,15300,130250,4166.45,4119.0,4215.35,0,0,4199.0,4168.05,sf,BSE:TCS-A,-43.75,-1.0497,1734956214.452037
4124.3,18844,1734936411,1734936417,3,15,4124.15,4126.1,4,15640,130433,4166.45,4119.0,4215.35,0,0,4199.0,4168.05,sf,BSE:TCS-A,-43.75,-1.0497,1734956218.563386
4124.3,18844,1734936411,1734936419,4,6,4124.15,4126.25,4,15815,129521,4166.45,4119.0,4215.35,0,0,4199.0,4168.05,sf,BSE:TCS-A,-43.75,-1.0497,1734956220.142169
4124.3,18844,1734936411,1734936420,18,3,4124.5,4127.35,4,15686,129068,4166.45,4119.0,4215.35,0,0,4199.0,4168.05,sf,BSE:TCS-A,-43.75,-1.0497,1734956221.510247
4124.3,18844,1734936411,1734936421,18,3,4125.15,4128.15,4,15370,129697,4166.45,4119.0,4215.35,0,0,4199.0,4168.05,sf,BSE:TCS-A,-43.75,-1.0497,1734956222.949557
4124.3,18844,1734936411,1734936428,8,7,4127.35,4129.65,4,14529,128930,4166.45,4119.0,4215.35,0,0,4199.0,4168.05,sf,BSE:TCS-A,-43.75,-1.0497,1734956230.611586
4124.3,18844,1734936411,1734936433,3,26,4125.4,4127.75,4,15514,131256,4166.45,4119.0,4215.35,0,0,4199.0,4168.05,sf,BSE:TCS-A,-43.75,-1.0497,1734956234.199856
4124.3,18844,1734936411,1734936434,6,4,4125.35,4127.65,4,15610,131242,4166.45,4119.0,4215.35,0,0,4199.0,4168.05,sf,BSE:TCS-A,-43.75,-1.0497,1734956234.887935
4124.3,18844,1734936411,1734936435,6,3,4125.35,4127.55,4,15001,131165,4166.45,4119.0,4215.35,0,0,4199.0,4168.05,sf,BSE:TCS-A,-43.75,-1.0497,1734956236.634783
4124.3,18844,1734936411,1734936438,8,3,4126.3,4128.8,4,14445,130331,4166.45,4119.0,4215.35,0,0,4199.0,4168.05,sf,BSE:TCS-A,-43.75,-1.0497,1734956238.560626
4124.3,18844,1734936411,1734936438,8,3,4126.3,4128.7,4,14601,130953,4166.45,4119.0,4215.35,0,0,4199.0,4168.05,sf,BSE:TCS-A,-43.75,-1.0497,1734956239.496101
4124.3,18844,1734936411,1734936441,7,4,4126.45,4128.6,4,14594,131035,4166.45,4119.0,4215.35,0,0,4199.0,4168.05,sf,BSE:TCS-A,-43.75,-1.0497,1734956242.26542
4126.4,18854,1734936441,1734936443,14,101,4126.15,4128.8,10,14154,130625,4166.43,4119.0,4215.35,0,0,4199.0,4168.05,sf,BSE:TCS-A,-41.65,-0.9993,1734956243.87085
4126.4,18854,1734936441,1734936444,11,3,4126.15,4128.65,10,14679,131063,4166.43,4119.0,4215.35,0,0,4199.0,4168.05,sf,BSE:TCS-A,-41.65,-0.9993,1734956245.082843
4126.4,18854,1734936441,1734936447,3,4,4125.15,4127.65,10,14245,130588,4166.43,4119.0,4215.35,0,0,4199.0,4168.05,sf,BSE:TCS-A,-41.65,-0.9993,1734956248.291926
4126.4,18854,1734936441,1734936450,10,3,4125.65,4128.6,10,15177,130024,4166.43,4119.0,4215.35,0,0,4199.0,4168.05,sf,BSE:TCS-A,-41.65,-0.9993,1734956251.572151
4126.4,18854,1734936441,1734936451,10,3,4125.65,4128.6,10,14579,130239,4166.43,4119.0,4215.35,0,0,4199.0,4168.05,sf,BSE:TCS-A,-41.65,-0.9993,1734956252.383048
4126.4,18854,1734936441,1734936454,20,10,4126.25,4129.1,10,15441,128942,4166.43,4119.0,4215.35,0,0,4199.0,4168.05,sf,BSE:TCS-A,-41.65,-0.9993,1734956255.178467
4126.4,18854,1734936441,1734936455,193,10,4126.5,4129.1,10,15593,129713,4166.43,4119.0,4215.35,0,0,4199.0,4168.05,sf,BSE:TCS-A,-41.65,-0.9993,1734956256.380151
4126.4,18854,1734936441,1734936457,10,29,4126.5,4128.75,10,15263,130177,4166.43,4119.0,4215.35,0,0,4199.0,4168.05,sf,BSE:TCS-A,-41.65,-0.9993,1734956258.46187
4126.4,18854,1734936441,1734936458,3,26,4126.55,4128.75,10,15379,130194,4166.43,4119.0,4215.35,0,0,4199.0,4168.05,sf,BSE:TCS-A,-41.65,-0.9993,1734956259.587981
4126.4,18854,1734936441,1734936460,10,3,4126.5,4128.65,10,15987,130067,4166.43,4119.0,4215.35,0,0,4199.0,4168.05,sf,BSE:TCS-A,-41.65,-0.9993,1734956261.188576
4126.4,18854,1734936441,1734936463,10,9,4127.7,4130.65,10,15174,129462,4166.43,4119.0,4215.35,0,0,4199.0,4168.05,sf,BSE:TCS-A,-41.65,-0.9993,1734956264.398259
4126.4,18854,1734936441,1734936465,17,1,4127.8,4130.5,10,15561,128733,4166.43,4119.0,4215.35,0,0,4199.0,4168.05,sf,BSE:TCS-A,-41.65,-0.9993,1734956265.626733
4126.4,18854,1734936441,1734936467,6,4,4127.7,4129.7,10,14598,130099,4166.43,4119.0,4215.35,0,0,4199.0,4168.05,sf,BSE:TCS-A,-41.65,-0.9993,1734956268.395359
4126.4,18854,1734936441,1734936468,6,1,4127.7,4129.65,10,15580,129838,4166.43,4119.0,4215.35,0,0,4199.0,4168.05,sf,BSE:TCS-A,-41.65,-0.9993,1734956269.593615
4126.4,18854,1734936441,1734936469,3,1,4127.25,4129.65,10,14934,129806,4166.43,4119.0,4215.35,0,0,4199.0,4168.05,sf,BSE:TCS-A,-41.65,-0.9993,1734956270.002558
4126.4,18854,1734936441,1734936471,3,8,4127.05,4129.4,10,15316,130396,4166.43,4119.0,4215.35,0,0,4199.0,4168.05,sf,BSE:TCS-A,-41.65,-0.9993,1734956272.400305
4126.4,18854,1734936441,1734936473,6,8,4127.0,4129.4,10,14626,130348,4166.43,4119.0,4215.35,0,0,4199.0,4168.05,sf,BSE:TCS-A,-41.65,-0.9993,1734956273.623076
4126.4,18854,1734936441,1734936480,6,13,4127.0,4129.1,10,15570,130859,4166.43,4119.0,4215.35,0,0,4199.0,4168.05,sf,BSE:TCS-A,-41.65,-0.9993,1734956280.827018
4126.4,18854,1734936441,1734936480,6,13,4127.0,4129.1,10,15582,130855,4166.43,4119.0,4215.35,0,0,4199.0,4168.05,sf,BSE:TCS-A,-41.65,-0.9993,1734956281.213354
4126.4,18854,1734936441,1734936482,6,8,4126.7,4129.05,10,14788,130550,4166.43,4119.0,4215.35,0,0,4199.0,4168.05,sf,BSE:TCS-A,-41.65,-0.9993,1734956283.344278
4126.4,18854,1734936441,1734936486,7,8,4125.85,4128.4,10,13888,129912,4166.43,4119.0,4215.35,0,0,4199.0,4168.05,sf,BSE:TCS-A,-41.65,-0.9993,1734956287.21337
4126.4,18854,1734936441,1734936487,3,1,4125.35,4128.05,10,13468,129871,4166.43,4119.0,4215.35,0,0,4199.0,4168.05,sf,BSE:TCS-A,-41.65,-0.9993,1734956288.400581
4126.4,18854,1734936441,1734936489,3,32,4125.35,4127.95,10,13691,130732,4166.43,4119.0,4215.35,0,0,4199.0,4168.05,sf,BSE:TCS-A,-41.65,-0.9993,1734956290.183988
4126.4,18854,1734936441,1734936490,18,3,4125.45,4128.3,10,14937,130301,4166.43,4119.0,4215.35,0,0,4199.0,4168.05,sf,BSE:TCS-A,-41.65,-0.9993,1734956290.537212
4126.4,18854,1734936441,1734936494,182,11,4125.55,4128.35,10,15165,130352,4166.43,4119.0,4215.35,0,0,4199.0,4168.05,sf,BSE:TCS-A,-41.65,-0.9993,1734956294.817702
4126.4,18854,1734936441,1734936496,4,9,4126.15,4128.3,10,15101,130563,4166.43,4119.0,4215.35,0,0,4199.0,4168.05,sf,BSE:TCS-A,-41.65,-0.9993,1734956296.945765
4126.4,18854,1734936441,1734936496,1,9,4126.15,4128.3,10,14369,130570,4166.43,4119.0,4215.35,0,0,4199.0,4168.05,sf,BSE:TCS-A,-41.65,-0.9993,1734956297.325006
4126.4,18854,1734936441,1734936499,20,7,4126.2,4129.1,10,15111,129870,4166.43,4119.0,4215.35,0,0,4199.0,4168.05,sf,BSE:TCS-A,-41.65,-0.9993,1734956299.727331
4126.4,18854,1734936441,1734936504,9,26,4126.9,4130.25,10,14778,130580,4166.43,4119.0,4215.35,0,0,4199.0,4168.05,sf,BSE:TCS-A,-41.65,-0.9993,1734956304.578164
4126.4,18854,1734936441,1734936505,19,26,4126.9,4130.25,10,14750,130048,4166.43,4119.0,4215.35,0,0,4199.0,4168.05,sf,BSE:TCS-A,-41.65,-0.9993,1734956305.740015
4126.4,18854,1734936441,1734936508,10,7,4127.8,4130.1,10,14956,130392,4166.43,4119.0,4215.35,0,0,4199.0,4168.05,sf,BSE:TCS-A,-41.65,-0.9993,1734956309.425903
4126.4,18854,1734936441,1734936509,10,7,4127.8,4130.1,10,14859,129926,4166.43,4119.0,4215.35,0,0,4199.0,4168.05,sf,BSE:TCS-A,-41.65,-0.9993,1734956309.776787
4126.4,18854,1734936441,1734936512,10,6,4127.85,4130.15,10,14567,129827,4166.43,4119.0,4215.35,0,0,4199.0,4168.05,sf,BSE:TCS-A,-41.65,-0.9993,1734956313.385346
4126.4,18854,1734936441,1734936513,7,7,4128.6,4130.65,10,14518,130225,4166.43,4119.0,4215.35,0,0,4199.0,4168.05,sf,BSE:TCS-A,-41.65,-0.9993,1734956314.239969
4126.4,18854,1734936441,1734936514,7,7,4128.6,4130.65,10,14528,130489,4166.43,4119.0,4215.35,0,0,4199.0,4168.05,sf,BSE:TCS-A,-41.65,-0.9993,1734956314.927086
4131.4,18859,1734936516,1734936516,10,3,4129.35,4131.95,5,14741,129215,4166.42,4119.0,4215.35,0,0,4199.0,4168.05,sf,BSE:TCS-A,-36.65,-0.8793,1734956317.482869
4131.4,18859,1734936516,1734936517,10,3,4129.35,4131.95,5,15178,128875,4166.42,4119.0,4215.35,0,0,4199.0,4168.05,sf,BSE:TCS-A,-36.65,-0.8793,1734956318.17861
4131.4,18859,1734936516,1734936518,10,3,4129.35,4131.95,5,15056,128942,4166.42,4119.0,4215.35,0,0,4199.0,4168.05,sf,BSE:TCS-A,-36.65,-0.8793,1734956319.388436
4131.4,18859,1734936516,1734936519,10,7,4129.35,4131.95,5,14914,128786,4166.42,4119.0,4215.35,0,0,4199.0,4168.05,sf,BSE:TCS-A,-36.65,-0.8793,1734956319.841163
4131.4,18859,1734936516,1734936519,8,7,4129.45,4131.95,5,14837,129033,4166.42,4119.0,4215.35,0,0,4199.0,4168.05,sf,BSE:TCS-A,-36.65,-0.8793,1734956320.583502
4131.4,18859,1734936516,1734936521,5,8,4129.6,4131.95,5,14862,129224,4166.42,4119.0,4215.35,0,0,4199.0,4168.05,sf,BSE:TCS-A,-36.65,-0.8793,1734956321.732571
4131.4,18859,1734936516,1734936521,7,8,4129.65,4131.95,5,14889,129262,4166.42,4119.0,4215.35,0,0,4199.0,4168.05,sf,BSE:TCS-A,-36.65,-0.8793,1734956322.244129
4131.4,18859,1734936516,1734936522,9,1,4129.75,4131.9,5,14779,128308,4166.42,4119.0,4215.35,0,0,4199.0,4168.05,sf,BSE:TCS-A,-36.65,-0.8793,1734956322.943597
4131.4,18859,1734936516,1734936525,6,19,4130.0,4132.3,5,15433,129640,4166.42,4119.0,4215.35,0,0,4199.0,4168.05,sf,BSE:TCS-A,-36.65,-0.8793,1734956325.847601
4131.4,18859,1734936516,1734936526,6,17,4130.0,4132.2,5,14773,129314,4166.42,4119.0,4215.35,0,0,4199.0,4168.05,sf,BSE:TCS-A,-36.65,-0.8793,1734956327.064959
4131.4,18859,1734936516,1734936530,6,8,4130.0,4132.1,5,16036,129837,4166.42,4119.0,4215.35,0,0,4199.0,4168.05,sf,BSE:TCS-A,-36.65,-0.8793,1734956330.673447
4131.7,18870,1734936541,1734936542,4,45,4129.05,4131.7,1,16103,129638,4166.4,4119.0,4215.35,0,0,4199.0,4168.05,sf,BSE:TCS-A,-36.35,-0.8721,1734956343.158786
4131.7,18870,1734936541,1734936543,3,33,4129.05,4131.6,1,15348,129667,4166.4,4119.0,4215.35,0,0,4199.0,4168.05,sf,BSE:TCS-A,-36.35,-0.8721,1734956344.358494
4131.7,18870,1734936541,1734936549,1,17,4130.0,4131.6,1,15124,129307,4166.4,4119.0,4215.35,0,0,4199.0,4168.05,sf,BSE:TCS-A,-36.35,-0.8721,1734956349.567966
4131.7,18870,1734936541,1734936550,1,17,4130.0,4131.6,1,15458,129421,4166.4,4119.0,4215.35,0,0,4199.0,4168.05,sf,BSE:TCS-A,-36.35,-0.8721,1734956350.762475
4131.7,18870,1734936541,1734936551,1,17,4130.0,4131.6,1,15044,129608,4166.4,4119.0,4215.35,0,0,4199.0,4168.05,sf,BSE:TCS-A,-36.35,-0.8721,1734956351.971327
4131.7,18870,1734936541,1734936552,1,7,4130.0,4131.6,1,15804,128519,4166.4,4119.0,4215.35,0,0,4199.0,4168.05,sf,BSE:TCS-A,-36.35,-0.8721,1734956353.166687
4131.7,18870,1734936541,1734936554,7,7,4130.0,4131.6,1,14848,129227,4166.4,4119.0,4215.35,0,0,4199.0,4168.05,sf,BSE:TCS-A,-36.35,-0.8721,1734956354.376242
4131.7,18870,1734936541,1734936556,7,7,4130.0,4131.6,1,15080,129030,4166.4,4119.0,4215.35,0,0,4199.0,4168.05,sf,BSE:TCS-A,-36.35,-0.8721,1734956356.863227
4131.7,18870,1734936541,1734936558,7,7,4130.0,4131.6,1,15086,129098,4166.4,4119.0,4215.35,0,0,4199.0,4168.05,sf,BSE:TCS-A,-36.35,-0.8721,1734956359.166225
4131.7,18870,1734936541,1734936558,7,7,4130.0,4131.6,1,14971,129048,4166.4,4119.0,4215.35,0,0,4199.0,4168.05,sf,BSE:TCS-A,-36.35,-0.8721,1734956359.668124
4130.0,18876,1734936561,1734936563,10,7,4129.45,4131.6,6,15208,128591,4166.39,4119.0,4215.35,0,0,4199.0,4168.05,sf,BSE:TCS-A,-38.05,-0.9129,1734956363.977142
4130.0,18876,1734936561,1734936565,10,7,4129.45,4131.6,6,14922,129155,4166.39,4119.0,4215.35,0,0,4199.0,4168.05,sf,BSE:TCS-A,-38.05,-0.9129,1734956366.088843
4130.0,18876,1734936561,1734936567,8,7,4129.5,4131.6,6,14958,129200,4166.39,4119.0,4215.35,0,0,4199.0,4168.05,sf,BSE:TCS-A,-38.05,-0.9129,1734956368.022597
4132.1,18891,1734936570,1734936570,5,10,4130.0,4132.1,5,15674,128838,4166.36,4119.0,4215.35,0,0,4199.0,4168.05,sf,BSE:TCS-A,-35.95,-0.8625,1734956371.631744
4132.1,18891,1734936570,1734936572,5,6,4130.0,4132.1,5,15044,128574,4166.36,4119.0,4215.35,0,0,4199.0,4168.05,sf,BSE:TCS-A,-35.95,-0.8625,1734956373.291269
4130.0,18892,1734936574,1734936576,5,11,4130.0,4132.05,1,15732,129679,4166.36,4119.0,4215.35,0,0,4199.0,4168.05,sf,BSE:TCS-A,-38.05,-0.9129,1734956376.902265
4130.0,18892,1734936574,1734936580,3,6,4129.05,4131.65,1,15170,128917,4166.36,4119.0,4215.35,0,0,4199.0,4168.05,sf,BSE:TCS-A,-38.05,-0.9129,1734956381.92251
4128.5,18912,1734936580,1734936580,3,8,4128.5,4131.6,5,15164,129790,4166.32,4119.0,4215.35,0,0,4199.0,4168.05,sf,BSE:TCS-A,-39.55,-0.9489,1734956381.923442
4128.5,18912,1734936580,1734936582,1,3,4128.45,4130.75,5,16211,129409,4166.32,4119.0,4215.35,0,0,4199.0,4168.05,sf,BSE:TCS-A,-39.55,-0.9489,1734956382.998394
4128.5,18912,1734936580,1734936582,1,19,4128.45,4130.75,5,15979,129294,4166.32,4119.0,4215.35,0,0,4199.0,4168.05,sf,BSE:TCS-A,-39.55,-0.9489,1734956383.281642
4128.5,18912,1734936580,1734936583,4,4,4128.45,4130.7,5,15801,128976,4166.32,4119.0,4215.35,0,0,4199.0,4168.05,sf,BSE:TCS-A,-39.55,-0.9489,1734956384.487148
4128.5,18912,1734936580,1734936585,8,3,4128.5,4130.65,5,15949,129477,4166.32,4119.0,4215.35,0,0,4199.0,4168.05,sf,BSE:TCS-A,-39.55,-0.9489,1734956386.495199
4128.5,18912,1734936580,1734936586,8,3,4128.5,4130.65,5,15949,129290,4166.32,4119.0,4215.35,0,0,4199.0,4168.05,sf,BSE:TCS-A,-39.55,-0.9489,1734956386.881264
4128.5,18912,1734936580,1734936590,5,5,4128.6,4130.5,5,16215,129094,4166.32,4119.0,4215.35,0,0,4199.0,4168.05,sf,BSE:TCS-A,-39.55,-0.9489,1734956391.351304
4128.5,18912,1734936580,1734936591,5,5,4128.6,4130.5,5,15374,129562,4166.32,4119.0,4215.35,0,0,4199.0,4168.05,sf,BSE:TCS-A,-39.55,-0.9489,1734956392.092653
4128.5,18912,1734936580,1734936594,1,5,4128.6,4130.4,5,16077,129523,4166.32,4119.0,4215.35,0,0,4199.0,4168.05,sf,BSE:TCS-A,-39.55,-0.9489,1734956395.292
4128.5,18912,1734936580,1734936597,5,4,4128.85,4130.3,5,16102,129540,4166.32,4119.0,4215.35,0,0,4199.0,4168.05,sf,BSE:TCS-A,-39.55,-0.9489,1734956398.206758
4128.5,18912,1734936580,1734936598,1,51,4128.6,4130.2,5,16111,129646,4166.32,4119.0,4215.35,0,0,4199.0,4168.05,sf,BSE:TCS-A,-39.55,-0.9489,1734956399.391665
4128.5,18912,1734936580,1734936600,6,18,4127.85,4129.8,5,16164,129741,4166.32,4119.0,4215.35,0,0,4199.0,4168.05,sf,BSE:TCS-A,-39.55,-0.9489,1734956400.598472
4128.5,18912,1734936580,1734936603,3,8,4127.05,4129.35,5,14680,130152,4166.32,4119.0,4215.35,0,0,4199.0,4168.05,sf,BSE:TCS-A,-39.55,-0.9489,1734956404.189291
4129.3,18916,1734936604,1734936604,3,1,4127.05,4129.3,4,14708,129609,4166.31,4119.0,4215.35,0,0,4199.0,4168.05,sf,BSE:TCS-A,-38.75,-0.9297,1734956405.394622
4129.3,18916,1734936604,1734936605,3,17,4126.05,4129.1,4,13725,129644,4166.31,4119.0,4215.35,0,0,4199.0,4168.05,sf,BSE:TCS-A,-38.75,-0.9297,1734956406.659618
4129.3,18916,1734936604,1734936607,17,5,4126.65,4129.1,4,15178,130015,4166.31,4119.0,4215.35,0,0,4199.0,4168.05,sf,BSE:TCS-A,-38.75,-0.9297,1734956407.906149
4129.3,18916,1734936604,1734936608,17,5,4126.65,4129.1,4,15020,129411,4166.31,4119.0,4215.35,0,0,4199.0,4168.05,sf,BSE:TCS-A,-38.75,-0.9297,1734956409.395334
4129.3,18916,1734936604,1734936616,7,5,4127.25,4129.4,4,14837,129547,4166.31,4119.0,4215.35,0,0,4199.0,4168.05,sf,BSE:TCS-A,-38.75,-0.9297,1734956417.101126
4129.3,18916,1734936604,1734936617,7,5,4127.25,4129.4,4,14835,129547,4166.31,4119.0,4215.35,0,0,4199.0,4168.05,sf,BSE:TCS-A,-38.75,-0.9297,1734956417.821533
4129.3,18916,1734936604,1734936618,7,5,4127.25,4129.4,4,14670,130050,4166.31,4119.0,4215.35,0,0,4199.0,4168.05,sf,BSE:TCS-A,-38.75,-0.9297,1734956419.504717
4127.25,18917,1734936619,1734936621,1,21,4126.85,4128.85,1,14475,130355,4166.31,4119.0,4215.35,0,0,4199.0,4168.05,sf,BSE:TCS-A,-40.8,-0.9789,1734956421.921023
4126.75,18919,1734936621,1734936622,3,6,4126.05,4128.75,1,15066,129673,4166.3,4119.0,4215.35,0,0,4199.0,4168.05,sf,BSE:TCS-A,-41.3,-0.9909,1734956423.119021
4126.75,18919,1734936621,1734936624,3,6,4126.05,4128.75,1,15163,129704,4166.3,4119.0,4215.35,0,0,4199.0,4168.05,sf,BSE:TCS-A,-41.3,-0.9909,1734956425.139302
4126.75,18919,1734936621,1734936624,3,10,4126.05,4128.75,1,15046,129656,4166.3,4119.0,4215.35,0,0,4199.0,4168.05,sf,BSE:TCS-A,-41.3,-0.9909,1734956425.517991
4126.75,18919,1734936621,1734936625,3,30,4126.05,4128.75,1,15108,130208,4166.3,4119.0,4215.35,0,0,4199.0,4168.05,sf,BSE:TCS-A,-41.3,-0.9909,1734956426.332181
4126.75,18919,1734936621,1734936626,3,10,4126.05,4128.75,1,15046,130403,4166.3,4119.0,4215.35,0,0,4199.0,4168.05,sf,BSE:TCS-A,-41.3,-0.9909,1734956426.721319
4128.75,18921,1734936626,1734936627,3,30,4126.05,4128.75,2,14624,130423,4166.3,4119.0,4215.35,0,0,4199.0,4168.05,sf,BSE:TCS-A,-39.3,-0.9429,1734956427.525652
4128.75,18921,1734936626,1734936628,3,30,4126.05,4128.75,2,15161,130431,4166.3,4119.0,4215.35,0,0,4199.0,4168.05,sf,BSE:TCS-A,-39.3,-0.9429,1734956429.005418
4128.75,18921,1734936626,1734936628,3,5,4126.05,4128.75,2,15290,130356,4166.3,4119.0,4215.35,0,0,4199.0,4168.05,sf,BSE:TCS-A,-39.3,-0.9429,1734956429.138228
4128.75,18921,1734936626,1734936629,3,5,4126.05,4128.75,2,15401,130480,4166.3,4119.0,4215.35,0,0,4199.0,4168.05,sf,BSE:TCS-A,-39.3,-0.9429,1734956429.926134
4128.75,18921,1734936626,1734936631,6,11,4126.0,4128.65,2,15392,130326,4166.3,4119.0,4215.35,0,0,4199.0,4168.05,sf,BSE:TCS-A,-39.3,-0.9429,1734956432.729712
4128.75,18921,1734936626,1734936632,3,27,4126.05,4128.6,2,15298,130112,4166.3,4119.0,4215.35,0,0,4199.0,4168.05,sf,BSE:TCS-A,-39.3,-0.9429,1734956433.139834
4128.75,18921,1734936626,1734936633,3,11,4126.05,4128.6,2,15279,130141,4166.3,4119.0,4215.35,0,0,4199.0,4168.05,sf,BSE:TCS-A,-39.3,-0.9429,1734956434.354948
4128.75,18921,1734936626,1734936635,3,6,4126.05,4128.6,2,15345,130096,4166.3,4119.0,4215.35,0,0,4199.0,4168.05,sf,BSE:TCS-A,-39.3,-0.9429,1734956436.329138
4128.5,18930,1734936636,1734936636,3,6,4126.05,4128.5,9,15291,130123,4166.28,4119.0,4215.35,0,0,4199.0,4168.05,sf,BSE:TCS-A,-39.55,-0.9489,1734956437.528314
4128.5,18930,1734936636,1734936638,3,10,4127.6,4128.45,9,14808,129873,4166.28,4119.0,4215.35,0,0,4199.0,4168.05,sf,BSE:TCS-A,-39.55,-0.9489,1734956439.125426
4128.5,18930,1734936636,1734936639,3,10,4127.6,4128.45,9,15156,130462,4166.28,4119.0,4215.35,0,0,4199.0,4168.05,sf,BSE:TCS-A,-39.55,-0.9489,1734956440.832868
4127.6,18933,1734936640,1734936642,3,5,4126.05,4128.45,3,14789,130276,4166.27,4119.0,4215.35,0,0,4199.0,4168.05,sf,BSE:TCS-A,-40.45,-0.9705,1734956443.219905
4127.6,18933,1734936640,1734936645,6,5,4126.0,4128.45,3,14404,130464,4166.27,4119.0,4215.35,0,0,4199.0,4168.05,sf,BSE:TCS-A,-40.45,-0.9705,1734956446.42184
4127.6,18933,1734936640,1734936648,3,5,4126.05,4128.45,3,15156,129534,4166.27,4119.0,4215.35,0,0,4199.0,4168.05,sf,BSE:TCS-A,-40.45,-0.9705,1734956448.822821
4127.6,18933,1734936640,1734936649,6,25,4125.8,4127.85,3,15408,130823,4166.27,4119.0,4215.35,0,0,4199.0,4168.05,sf,BSE:TCS-A,-40.45,-0.9705,1734956450.437199
4127.6,18933,1734936640,1734936652,10,40,4125.0,4127.65,3,14982,130734,4166.27,4119.0,4215.35,0,0,4199.0,4168.05,sf,BSE:TCS-A,-40.45,-0.9705,1734956452.828795
4127.6,18933,1734936640,1734936655,4,6,4125.0,4126.85,3,15123,130632,4166.27,4119.0,4215.35,0,0,4199.0,4168.05,sf,BSE:TCS-A,-40.45,-0.9705,1734956456.034997
4127.6,18933,1734936640,1734936656,4,6,4125.0,4126.85,3,14343,131296,4166.27,4119.0,4215.35,0,0,4199.0,4168.05,sf,BSE:TCS-A,-40.45,-0.9705,1734956456.849673
4127.6,18933,1734936640,1734936657,4,5,4125.0,4126.8,3,15136,130786,4166.27,4119.0,4215.35,0,0,4199.0,4168.05,sf,BSE:TCS-A,-40.45,-0.9705,1734956458.092592
4127.6,18933,1734936640,1734936659,4,9,4125.0,4126.75,3,15098,131214,4166.27,4119.0,4215.35,0,0,4199.0,4168.05,sf,BSE:TCS-A,-40.45,-0.9705,1734956460.08493
4127.6,18933,1734936640,1734936660,4,12,4125.0,4126.7,3,15147,131504,4166.27,4119.0,4215.35,0,0,4199.0,4168.05,sf,BSE:TCS-A,-40.45,-0.9705,1734956461.333623
4127.6,18933,1734936640,1734936661,4,12,4125.0,4126.7,3,14657,131483,4166.27,4119.0,4215.35,0,0,4199.0,4168.05,sf,BSE:TCS-A,-40.45,-0.9705,1734956461.641892
4127.6,18933,1734936640,1734936661,4,29,4125.0,4126.7,3,15132,131365,4166.27,4119.0,4215.35,0,0,4199.0,4168.05,sf,BSE:TCS-A,-40.45,-0.9705,1734956462.513001
4127.6,18933,1734936640,1734936663,4,12,4125.0,4126.7,3,15830,131206,4166.27,4119.0,4215.35,0,0,4199.0,4168.05,sf,BSE:TCS-A,-40.45,-0.9705,1734956463.743054
4127.6,18933,1734936640,1734936666,4,10,4125.1,4127.5,3,15112,131096,4166.27,4119.0,4215.35,0,0,4199.0,4168.05,sf,BSE:TCS-A,-40.45,-0.9705,1734956466.944825
4127.6,18933,1734936640,1734936667,1,10,4125.2,4127.5,3,14643,131284,4166.27,4119.0,4215.35,0,0,4199.0,4168.05,sf,BSE:TCS-A,-40.45,-0.9705,1734956468.232116
4127.6,18933,1734936640,1734936668,1,10,4125.2,4127.5,3,15693,130425,4166.27,4119.0,4215.35,0,0,4199.0,4168.05,sf,BSE:TCS-A,-40.45,-0.9705,1734956469.348736
4127.6,18933,1734936640,1734936669,1,5,4125.2,4127.45,3,15655,131262,4166.27,4119.0,4215.35,0,0,4199.0,4168.05,sf,BSE:TCS-A,-40.45,-0.9705,1734956470.55018
4127.6,18933,1734936640,1734936675,4,6,4125.05,4127.9,3,14649,130655,4166.27,4119.0,4215.35,0,0,4199.0,4168.05,sf,BSE:TCS-A,-40.45,-0.9705,1734956476.160689
4127.6,18933,1734936640,1734936675,1,6,4125.35,4127.9,3,13982,130900,4166.27,4119.0,4215.35,0,0,4199.0,4168.05,sf,BSE:TCS-A,-40.45,-0.9705,1734956476.601575
4127.6,18933,1734936640,1734936676,1,9,4125.35,4127.85,3,14682,130331,4166.27,4119.0,4215.35,0,0,4199.0,4168.05,sf,BSE:TCS-A,-40.45,-0.9705,1734956477.70918
4127.6,18933,1734936640,1734936680,1,16,4125.05,4127.45,3,14653,130951,4166.27,4119.0,4215.35,0,0,4199.0,4168.05,sf,BSE:TCS-A,-40.45,-0.9705,1734956481.7605
4127.6,18933,1734936640,1734936683,4,26,4125.0,4126.75,3,15374,130773,4166.27,4119.0,4215.35,0,0,4199.0,4168.05,sf,BSE:TCS-A,-40.45,-0.9705,1734956484.207386
4127.6,18933,1734936640,1734936684,4,5,4125.0,4126.75,3,15166,130385,4166.27,4119.0,4215.35,0,0,4199.0,4168.05,sf,BSE:TCS-A,-40.45,-0.9705,1734956485.360001
4127.6,18933,1734936640,1734936685,4,25,4125.0,4126.85,3,15277,131057,4166.27,4119.0,4215.35,0,0,4199.0,4168.05,sf,BSE:TCS-A,-40.45,-0.9705,1734956486.192255
4127.6,18933,1734936640,1734936685,4,25,4125.0,4126.85,3,15468,131108,4166.27,4119.0,4215.35,0,0,4199.0,4168.05,sf,BSE:TCS-A,-40.45,-0.9705,1734956486.5756
4127.6,18933,1734936640,1734936686,4,25,4125.0,4126.8,3,15469,131126,4166.27,4119.0,4215.35,0,0,4199.0,4168.05,sf,BSE:TCS-A,-40.45,-0.9705,1734956487.527893
4127.6,18933,1734936640,1734936688,5,16,4125.0,4127.1,3,14277,130919,4166.27,4119.0,4215.35,0,0,4199.0,4168.05,sf,BSE:TCS-A,-40.45,-0.9705,1734956488.658451
4127.9,18935,1734936689,1734936690,14,36,4125.2,4128.3,2,15236,130362,4166.27,4119.0,4215.35,0,0,4199.0,4168.05,sf,BSE:TCS-A,-40.15,-0.9633,1734956491.870263
4127.9,18935,1734936689,1734936692,14,2,4125.3,4128.65,2,13986,130529,4166.27,4119.0,4215.35,0,0,4199.0,4168.05,sf,BSE:TCS-A,-40.15,-0.9633,1734956493.067637
4127.9,18935,1734936689,1734936694,14,1,4125.3,4128.8,2,14024,130453,4166.27,4119.0,4215.35,0,0,4199.0,4168.05,sf,BSE:TCS-A,-40.15,-0.9633,1734956495.383024
4127.9,18935,1734936689,1734936697,3,11,4125.05,4127.6,2,14903,130523,4166.27,4119.0,4215.35,0,0,4199.0,4168.05,sf,BSE:TCS-A,-40.15,-0.9633,1734956497.893917
4127.9,18935,1734936689,1734936700,8,46,4125.0,4127.45,2,14991,131169,4166.27,4119.0,4215.35,0,0,4199.0,4168.05,sf,BSE:TCS-A,-40.15,-0.9633,1734956501.496291
4127.9,18935,1734936689,1734936702,10,12,4126.65,4127.35,2,15027,131251,4166.27,4119.0,4215.35,0,0,4199.0,4168.05,sf,BSE:TCS-A,-40.15,-0.9633,1734956502.696348
4127.9,18935,1734936689,1734936702,10,10,4126.65,4127.3,2,15074,131295,4166.27,4119.0,4215.35,0,0,4199.0,4168.05,sf,BSE:TCS-A,-40.15,-0.9633,1734956503.483964
4126.65,18940,1734936703,1734936704,5,6,4126.65,4127.25,1,15374,130372,4166.26,4119.0,4215.35,0,0,4199.0,4168.05,sf,BSE:TCS-A,-41.4,-0.9933,1734956504.702699
4126.65,18940,1734936703,1734936706,5,4,4126.65,4127.55,1,15756,130648,4166.26,4119.0,4215.35,0,0,4199.0,4168.05,sf,BSE:TCS-A,-41.4,-0.9933,1734956507.089816
4126.65,18940,1734936703,1734936707,5,4,4126.65,4128.35,1,15769,130265,4166.26,4119.0,4215.35,0,0,4199.0,4168.05,sf,BSE:TCS-A,-41.4,-0.9933,1734956507.876364
4126.65,18940,1734936703,1734936707,5,5,4126.65,4128.35,1,14118,131066,4166.26,4119.0,4215.35,0,0,4199.0,4168.05,sf,BSE:TCS-A,-41.4,-0.9933,1734956508.697539
4126.65,18940,1734936703,1734936708,5,5,4126.65,4128.35,1,14945,130677,4166.26,4119.0,4215.35,0,0,4199.0,4168.05,sf,BSE:TCS-A,-41.4,-0.9933,1734956509.004547
4126.65,18940,1734936703,1734936709,5,5,4126.65,4128.35,1,14681,130399,4166.26,4119.0,4215.35,0,0,4199.0,4168.05,sf,BSE:TCS-A,-41.4,-0.9933,1734956510.291698
4128.35,18941,1734936709,1734936710,5,4,4126.65,4128.35,1,14923,131039,4166.26,4119.0,4215.35,0,0,4199.0,4168.05,sf,BSE:TCS-A,-39.7,-0.9525,1734956511.084733
4128.35,18941,1734936709,1734936717,5,7,4126.65,4128.3,1,15298,130219,4166.26,4119.0,4215.35,0,0,4199.0,4168.05,sf,BSE:TCS-A,-39.7,-0.9525,1734956518.78433
4128.35,18941,1734936709,1734936720,5,7,4126.65,4128.3,1,15150,130244,4166.26,4119.0,4215.35,0,0,4199.0,4168.05,sf,BSE:TCS-A,-39.7,-0.9525,1734956521.201035
4128.35,18941,1734936709,1734936721,5,7,4126.65,4128.3,1,15174,129885,4166.26,4119.0,4215.35,0,0,4199.0,4168.05,sf,BSE:TCS-A,-39.7,-0.9525,1734956522.399906
4128.35,18941,1734936709,1734936722,5,7,4126.65,4128.3,1,15271,130624,4166.26,4119.0,4215.35,0,0,4199.0,4168.05,sf,BSE:TCS-A,-39.7,-0.9525,1734956522.748626
4128.35,18941,1734936709,1734936727,1,11,4126.85,4129.35,1,15086,130811,4166.26,4119.0,4215.35,0,0,4199.0,4168.05,sf,BSE:TCS-A,-39.7,-0.9525,1734956527.60855
4128.35,18941,1734936709,1734936729,5,4,4126.9,4129.3,1,15124,130536,4166.26,4119.0,4215.35,0,0,4199.0,4168.05,sf,BSE:TCS-A,-39.7,-0.9525,1734956529.602137
4128.35,18941,1734936709,1734936731,7,5,4127.0,4129.3,1,15197,130618,4166.26,4119.0,4215.35,0,0,4199.0,4168.05,sf,BSE:TCS-A,-39.7,-0.9525,1734956532.917136
4128.35,18941,1734936709,1734936732,4,5,4127.0,4129.3,1,14362,130545,4166.26,4119.0,4215.35,0,0,4199.0,4168.05,sf,BSE:TCS-A,-39.7,-0.9525,1734956533.271635
4128.35,18941,1734936709,1734936735,7,5,4127.0,4129.3,1,15543,129990,4166.26,4119.0,4215.35,0,0,4199.0,4168.05,sf,BSE:TCS-A,-39.7,-0.9525,1734956536.41246
4129.3,18942,1734936736,1734936736,7,4,4127.0,4129.3,1,15636,130025,4166.26,4119.0,4215.35,0,0,4199.0,4168.05,sf,BSE:TCS-A,-38.75,-0.9297,1734956537.60186
4129.3,18942,1734936736,1734936737,7,4,4127.0,4129.3,1,15647,129677,4166.26,4119.0,4215.35,0,0,4199.0,4168.05,sf,BSE:TCS-A,-38.75,-0.9297,1734956538.400651
4129.3,18942,1734936736,1734936740,7,4,4127.0,4129.3,1,15622,130291,4166.26,4119.0,4215.35,0,0,4199.0,4168.05,sf,BSE:TCS-A,-38.75,-0.9297,1734956541.303608
4129.3,18942,1734936736,1734936747,5,79,4126.65,4128.6,1,13976,130562,4166.26,4119.0,4215.35,0,0,4199.0,4168.05,sf,BSE:TCS-A,-38.75,-0.9297,1734956548.549317
4129.3,18942,1734936736,1734936748,5,39,4126.65,4128.55,1,14050,130625,4166.26,4119.0,4215.35,0,0,4199.0,4168.05,sf,BSE:TCS-A,-38.75,-0.9297,1734956548.9114
4129.3,18942,1734936736,1734936749,5,11,4126.65,4128.5,1,14954,130629,4166.26,4119.0,4215.35,0,0,4199.0,4168.05,sf,BSE:TCS-A,-38.75,-0.9297,1734956549.716164
4129.3,18942,1734936736,1734936749,5,6,4126.65,4128.5,1,15085,130047,4166.26,4119.0,4215.35,0,0,4199.0,4168.05,sf,BSE:TCS-A,-38.75,-0.9297,1734956550.119831
4129.3,18942,1734936736,1734936750,5,5,4126.65,4128.5,1,15708,130051,4166.26,4119.0,4215.35,0,0,4199.0,4168.05,sf,BSE:TCS-A,-38.75,-0.9297,1734956551.219821
4129.3,18942,1734936736,1734936753,5,11,4126.65,4128.45,1,15704,130533,4166.26,4119.0,4215.35,0,0,4199.0,4168.05,sf,BSE:TCS-A,-38.75,-0.9297,1734956553.733505
4129.3,18942,1734936736,1734936754,5,105,4126.65,4128.35,1,15232,130881,4166.26,4119.0,4215.35,0,0,4199.0,4168.05,sf,BSE:TCS-A,-38.75,-0.9297,1734956554.872358
4129.3,18942,1734936736,1734936755,5,12,4126.65,4128.25,1,15318,130723,4166.26,4119.0,4215.35,0,0,4199.0,4168.05,sf,BSE:TCS-A,-38.75,-0.9297,1734956555.757274
4129.3,18942,1734936736,1734936755,5,30,4126.65,4128.2,1,15418,130757,4166.26,4119.0,4215.35,0,0,4199.0,4168.05,sf,BSE:TCS-A,-38.75,-0.9297,1734956556.42286
4129.3,18942,1734936736,1734936756,5,40,4126.65,4127.95,1,15862,130417,4166.26,4119.0,4215.35,0,0,4199.0,4168.05,sf,BSE:TCS-A,-38.75,-0.9297,1734956556.921512
4127.85,18949,1734936759,1734936761,3,15,4125.05,4127.85,2,14939,130760,4166.24,4119.0,4215.35,0,0,4199.0,4168.05,sf,BSE:TCS-A,-40.2,-0.9645,1734956562.643859
4127.85,18949,1734936759,1734936764,3,15,4125.05,4127.85,2,15518,130882,4166.24,4119.0,4215.35,0,0,4199.0,4168.05,sf,BSE:TCS-A,-40.2,-0.9645,1734956564.984807
4127.85,18949,1734936759,1734936765,3,10,4125.05,4127.85,2,15497,130573,4166.24,4119.0,4215.35,0,0,4199.0,4168.05,sf,BSE:TCS-A,-40.2,-0.9645,1734956565.743275
4127.85,18949,1734936759,1734936765,3,10,4125.05,4127.85,2,15544,130595,4166.24,4119.0,4215.35,0,0,4199.0,4168.05,sf,BSE:TCS-A,-40.2,-0.9645,1734956566.240091
4127.85,18949,1734936759,1734936771,10,3,4125.6,4127.85,2,15925,130023,4166.24,4119.0,4215.35,0,0,4199.0,4168.05,sf,BSE:TCS-A,-40.2,-0.9645,1734956572.633395
4127.85,18949,1734936759,1734936778,8,53,4125.0,4127.2,2,15659,130760,4166.24,4119.0,4215.35,0,0,4199.0,4168.05,sf,BSE:TCS-A,-40.2,-0.9645,1734956579.056565
4127.85,18949,1734936759,1734936779,8,48,4125.0,4127.2,2,15587,130464,4166.24,4119.0,4215.35,0,0,4199.0,4168.05,sf,BSE:TCS-A,-40.2,-0.9645,1734956580.246418
4127.85,18949,1734936759,1734936783,8,5,4125.0,4127.15,2,15641,130400,4166.24,4119.0,4215.35,0,0,4199.0,4168.05,sf,BSE:TCS-A,-40.2,-0.9645,1734956583.863111
4127.85,18949,1734936759,1734936785,8,5,4125.0,4127.15,2,15645,130176,4166.24,4119.0,4215.35,0,0,4199.0,4168.05,sf,BSE:TCS-A,-40.2,-0.9645,1734956586.361509
4127.85,18949,1734936759,1734936786,8,5,4125.0,4127.15,2,15558,129985,4166.24,4119.0,4215.35,0,0,4199.0,4168.05,sf,BSE:TCS-A,-40.2,-0.9645,1734956587.067602
4127.85,18949,1734936759,1734936788,10,13,4125.0,4127.1,2,15138,129990,4166.24,4119.0,4215.35,0,0,4199.0,4168.05,sf,BSE:TCS-A,-40.2,-0.9645,1734956589.460521
4127.85,18949,1734936759,1734936789,10,13,4125.0,4127.1,2,15243,130413,4166.24,4119.0,4215.35,0,0,4199.0,4168.05,sf,BSE:TCS-A,-40.2,-0.9645,1734956589.949451
4127.85,18949,1734936759,1734936790,10,13,4125.0,4127.1,2,15386,130486,4166.24,4119.0,4215.35,0,0,4199.0,4168.05,sf,BSE:TCS-A,-40.2,-0.9645,1734956590.66347
4127.85,18949,1734936759,1734936791,8,42,4125.0,4126.9,2,15647,130904,4166.24,4119.0,4215.35,0,0,4199.0,4168.05,sf,BSE:TCS-A,-40.2,-0.9645,1734956592.352727
4127.85,18949,1734936759,1734936796,15,5,4127.15,4129.1,2,14930,129841,4166.24,4119.0,4215.35,0,0,4199.0,4168.05,sf,BSE:TCS-A,-40.2,-0.9645,1734956597.167241
4127.85,18949,1734936759,1734936797,15,5,4127.15,4128.35,2,15181,130264,4166.24,4119.0,4215.35,0,0,4199.0,4168.05,sf,BSE:TCS-A,-40.2,-0.9645,1734956598.356678
4127.85,18949,1734936759,1734936798,15,5,4127.15,4128.35,2,15284,129586,4166.24,4119.0,4215.35,0,0,4199.0,4168.05,sf,BSE:TCS-A,-40.2,-0.9645,1734956599.664615
4128.3,18950,1734936799,1734936801,15,10,4127.15,4128.3,1,15144,129151,4166.24,4119.0,4215.35,0,0,4199.0,4168.05,sf,BSE:TCS-A,-39.75,-0.9537,1734956602.309707
4128.3,18950,1734936799,1734936802,15,43,4127.15,4128.7,1,15272,129573,4166.24,4119.0,4215.35,0,0,4199.0,4168.05,sf,BSE:TCS-A,-39.75,-0.9537,1734956603.5641
4128.3,18950,1734936799,1734936805,15,5,4127.15,4129.05,1,15100,129837,4166.24,4119.0,4215.35,0,0,4199.0,4168.05,sf,BSE:TCS-A,-39.75,-0.9537,1734956605.570254
4128.3,18950,1734936799,1734936806,15,5,4127.15,4129.05,1,14654,129437,4166.24,4119.0,4215.35,0,0,4199.0,4168.05,sf,BSE:TCS-A,-39.75,-0.9537,1734956606.668127
4128.3,18950,1734936799,1734936806,16,5,4127.15,4129.05,1,15116,129382,4166.24,4119.0,4215.35,0,0,4199.0,4168.05,sf,BSE:TCS-A,-39.75,-0.9537,1734956607.481851
4128.3,18950,1734936799,1734936807,16,5,4127.15,4129.05,1,15479,129558,4166.24,4119.0,4215.35,0,0,4199.0,4168.05,sf,BSE:TCS-A,-39.75,-0.9537,1734956607.870642
4128.3,18950,1734936799,1734936809,15,6,4127.15,4129.05,1,15313,129368,4166.24,4119.0,4215.35,0,0,4199.0,4168.05,sf,BSE:TCS-A,-39.75,-0.9537,1734956610.026243
4127.15,18965,1734936810,1734936810,3,1,4125.65,4128.5,6,15319,129431,4166.21,4119.0,4215.35,0,0,4199.0,4168.05,sf,BSE:TCS-A,-40.9,-0.9813,1734956611.195548
4127.15,18965,1734936810,1734936811,7,3,4125.5,4127.9,6,16318,129583,4166.21,4119.0,4215.35,0,0,4199.0,4168.05,sf,BSE:TCS-A,-40.9,-0.9813,1734956612.113466
4127.15,18965,1734936810,1734936811,3,2,4125.55,4127.85,6,16269,129958,4166.21,4119.0,4215.35,0,0,4199.0,4168.05,sf,BSE:TCS-A,-40.9,-0.9813,1734956612.470993
4127.15,18965,1734936810,1734936812,6,1,4125.5,4127.8,6,15824,129743,4166.21,4119.0,4215.35,0,0,4199.0,4168.05,sf,BSE:TCS-A,-40.9,-0.9813,1734956613.668927
4127.15,18965,1734936810,1734936813,6,1,4125.5,4127.8,6,15970,129526,4166.21,4119.0,4215.35,0,0,4199.0,4168.05,sf,BSE:TCS-A,-40.9,-0.9813,1734956614.473521
4127.15,18965,1734936810,1734936815,6,1,4125.5,4127.8,6,15970,129967,4166.21,4119.0,4215.35,0,0,4199.0,4168.05,sf,BSE:TCS-A,-40.9,-0.9813,1734956615.669428
4127.15,18965,1734936810,1734936815,6,1,4125.5,4127.8,6,15970,129751,4166.21,4119.0,4215.35,0,0,4199.0,4168.05,sf,BSE:TCS-A,-40.9,-0.9813,1734956616.109311
4127.15,18965,1734936810,1734936822,10,10,4125.7,4128.8,6,14507,129636,4166.21,4119.0,4215.35,0,0,4199.0,4168.05,sf,BSE:TCS-A,-40.9,-0.9813,1734956623.281987
4127.15,18965,1734936810,1734936822,10,10,4125.7,4128.8,6,15302,129284,4166.21,4119.0,4215.35,0,0,4199.0,4168.05,sf,BSE:TCS-A,-40.9,-0.9813,1734956623.61437
4127.15,18965,1734936810,1734936824,1,10,4125.05,4126.85,6,16157,130150,4166.21,4119.0,4215.35,0,0,4199.0,4168.05,sf,BSE:TCS-A,-40.9,-0.9813,1734956624.901079
4127.15,18965,1734936810,1734936826,14,59,4125.5,4128.85,6,15084,130482,4166.21,4119.0,4215.35,0,0,4199.0,4168.05,sf,BSE:TCS-A,-40.9,-0.9813,1734956627.288895
4127.15,18965,1734936810,1734936831,5,35,4125.85,4128.55,6,15250,130536,4166.21,4119.0,4215.35,0,0,4199.0,4168.05,sf,BSE:TCS-A,-40.9,-0.9813,1734956631.793158
4127.15,18965,1734936810,1734936832,5,9,4125.85,4128.45,6,15277,130296,4166.21,4119.0,4215.35,0,0,4199.0,4168.05,sf,BSE:TCS-A,-40.9,-0.9813,1734956632.995117
4127.15,18965,1734936810,1734936834,10,28,4125.6,4127.75,6,15636,130037,4166.21,4119.0,4215.35,0,0,4199.0,4168.05,sf,BSE:TCS-A,-40.9,-0.9813,1734956634.943711
4127.15,18965,1734936810,1734936835,3,34,4125.05,4127.2,6,16446,130995,4166.21,4119.0,4215.35,0,0,4199.0,4168.05,sf,BSE:TCS-A,-40.9,-0.9813,1734956636.253347
4127.15,18965,1734936810,1734936836,3,11,4125.05,4127.15,6,16815,130962,4166.21,4119.0,4215.35,0,0,4199.0,4168.05,sf,BSE:TCS-A,-40.9,-0.9813,1734956636.909664
4127.15,18965,1734936810,1734936836,3,11,4125.05,4127.15,6,16375,131011,4166.21,4119.0,4215.35,0,0,4199.0,4168.05,sf,BSE:TCS-A,-40.9,-0.9813,1734956637.389436
4127.15,18966,1734936836,1734936842,4,9,4125.25,4127.15,1,16626,130418,4166.21,4119.0,4215.35,0,0,4199.0,4168.05,sf,BSE:TCS-A,-40.9,-0.9813,1734956643.408332
4127.15,18966,1734936836,1734936846,14,10,4125.3,4128.1,1,15984,130300,4166.21,4119.0,4215.35,0,0,4199.0,4168.05,sf,BSE:TCS-A,-40.9,-0.9813,1734956646.868283
4127.15,18967,1734936847,1734936847,3,10,4125.05,4127.8,1,15425,130067,4166.2,4119.0,4215.35,0,0,4199.0,4168.05,sf,BSE:TCS-A,-40.9,-0.9813,1734956648.545345
4127.15,18967,1734936847,1734936851,3,1,4126.05,4127.8,1,16230,130059,4166.2,4119.0,4215.35,0,0,4199.0,4168.05,sf,BSE:TCS-A,-40.9,-0.9813,1734956651.825614
4127.15,18967,1734936847,1734936856,7,33,4125.65,4127.95,1,15409,130506,4166.2,4119.0,4215.35,0,0,4199.0,4168.05,sf,BSE:TCS-A,-40.9,-0.9813,1734956656.779493
4127.15,18967,1734936847,1734936859,9,1,4125.95,4127.95,1,16180,130322,4166.2,4119.0,4215.35,0,0,4199.0,4168.05,sf,BSE:TCS-A,-40.9,-0.9813,1734956659.849091
4127.15,18967,1734936847,1734936860,9,1,4125.95,4127.95,1,16226,130294,4166.2,4119.0,4215.35,0,0,4199.0,4168.05,sf,BSE:TCS-A,-40.9,-0.9813,1734956661.19254
4127.15,18967,1734936847,1734936861,9,1,4125.95,4127.95,1,16131,129732,4166.2,4119.0,4215.35,0,0,4199.0,4168.05,sf,BSE:TCS-A,-40.9,-0.9813,1734956661.933525
4127.15,18967,1734936847,1734936861,6,1,4125.95,4127.95,1,16181,129756,4166.2,4119.0,4215.35,0,0,4199.0,4168.05,sf,BSE:TCS-A,-40.9,-0.9813,1734956662.364422
4127.15,18967,1734936847,1734936862,4,1,4126.0,4127.95,1,16184,129456,4166.2,4119.0,4215.35,0,0,4199.0,4168.05,sf,BSE:TCS-A,-40.9,-0.9813,1734956663.551184
4127.15,18967,1734936847,1734936865,23,5,4125.1,4128.65,1,14806,129896,4166.2,4119.0,4215.35,0,0,4199.0,4168.05,sf,BSE:TCS-A,-40.9,-0.9813,1734956665.945886
4127.15,18967,1734936847,1734936866,18,15,4125.1,4128.65,1,14440,130319,4166.2,4119.0,4215.35,0,0,4199.0,4168.05,sf,BSE:TCS-A,-40.9,-0.9813,1734956666.644894
4127.15,18967,1734936847,1734936866,18,15,4125.1,4128.65,1,14855,130269,4166.2,4119.0,4215.35,0,0,4199.0,4168.05,sf,BSE:TCS-A,-40.9,-0.9813,1734956667.152752
4127.15,18967,1734936847,1734936869,3,26,4125.4,4127.75,1,15919,130301,4166.2,4119.0,4215.35,0,0,4199.0,4168.05,sf,BSE:TCS-A,-40.9,-0.9813,1734956670.359883
4127.15,18967,1734936847,1734936872,6,26,4125.35,4127.75,1,16203,130173,4166.2,4119.0,4215.35,0,0,4199.0,4168.05,sf,BSE:TCS-A,-40.9,-0.9813,1734956673.564091
4127.15,18967,1734936847,1734936874,3,4,4125.3,4127.0,1,16874,130231,4166.2,4119.0,4215.35,0,0,4199.0,4168.05,sf,BSE:TCS-A,-40.9,-0.9813,1734956675.452271
4127.55,18968,1734936883,1734936887,9,26,4125.0,4127.7,1,15944,130498,4166.2,4119.0,4215.35,0,0,4199.0,4168.05,sf,BSE:TCS-A,-40.5,-0.9717,1734956688.067803
4127.55,18968,1734936883,1734936888,4,5,4125.05,4126.95,1,16108,130479,4166.2,4119.0,4215.35,0,0,4199.0,4168.05,sf,BSE:TCS-A,-40.5,-0.9717,1734956689.270104
4127.55,18968,1734936883,1734936888,4,4,4125.05,4127.05,1,16654,130302,4166.2,4119.0,4215.35,0,0,4199.0,4168.05,sf,BSE:TCS-A,-40.5,-0.9717,1734956689.56916
4127.55,18968,1734936883,1734936889,5,6,4125.0,4126.85,1,15658,130806,4166.2,4119.0,4215.35,0,0,4199.0,4168.05,sf,BSE:TCS-A,-40.5,-0.9717,1734956690.369673
4127.55,18968,1734936883,1734936890,4,30,4125.05,4127.2,1,15634,129874,4166.2,4119.0,4215.35,0,0,4199.0,4168.05,sf,BSE:TCS-A,-40.5,-0.9717,1734956690.894452
4127.55,18968,1734936883,1734936891,4,14,4125.05,4127.8,1,14989,130605,4166.2,4119.0,4215.35,0,0,4199.0,4168.05,sf,BSE:TCS-A,-40.5,-0.9717,1734956692.065273
4127.55,18968,1734936883,1734936892,8,25,4125.1,4127.7,1,16071,130310,4166.2,4119.0,4215.35,0,0,4199.0,4168.05,sf,BSE:TCS-A,-40.5,-0.9717,1734956693.262369
4127.55,18968,1734936883,1734936893,1,5,4125.1,4127.0,1,16444,130777,4166.2,4119.0,4215.35,0,0,4199.0,4168.05,sf,BSE:TCS-A,-40.5,-0.9717,1734956694.083783
4127.55,18968,1734936883,1734936893,1,5,4125.1,4126.95,1,16541,130941,4166.2,4119.0,4215.35,0,0,4199.0,4168.05,sf,BSE:TCS-A,-40.5,-0.9717,1734956694.487144
4127.55,18968,1734936883,1734936894,4,5,4125.1,4126.9,1,16496,130763,4166.2,4119.0,4215.35,0,0,4199.0,4168.05,sf,BSE:TCS-A,-40.5,-0.9717,1734956695.273892
4127.55,18968,1734936883,1734936895,13,1,4125.15,4126.9,1,15681,130704,4166.2,4119.0,4215.35,0,0,4199.0,4168.05,sf,BSE:TCS-A,-40.5,-0.9717,1734956696.362877
4127.55,18968,1734936883,1734936897,10,1,4125.0,4126.9,1,16396,130830,4166.2,4119.0,4215.35,0,0,4199.0,4168.05,sf,BSE:TCS-A,-40.5,-0.9717,1734956698.478473
4127.55,18968,1734936883,1734936908,1,44,4125.1,4127.2,1,16432,130820,4166.2,4119.0,4215.35,0,0,4199.0,4168.05,sf,BSE:TCS-A,-40.5,-0.9717,1734956709.713256
4127.55,18968,1734936883,1734936910,1,44,4125.1,4127.2,1,16406,130778,4166.2,4119.0,4215.35,0,0,4199.0,4168.05,sf,BSE:TCS-A,-40.5,-0.9717,1734956710.481315
4127.55,18968,1734936883,1734936910,1,44,4125.1,4127.2,1,16456,130835,4166.2,4119.0,4215.35,0,0,4199.0,4168.05,sf,BSE:TCS-A,-40.5,-0.9717,1734956711.777569
4127.55,18968,1734936883,1734936911,1,44,4125.1,4127.2,1,16503,130882,4166.2,4119.0,4215.35,0,0,4199.0,4168.05,sf,BSE:TCS-A,-40.5,-0.9717,1734956712.106976
4126.9,18969,1734936911,1734936912,4,35,4125.05,4127.2,1,15971,129858,4166.2,4119.0,4215.35,0,0,4199.0,4168.05,sf,BSE:TCS-A,-41.15,-0.9873,1734956713.377495
4126.9,18969,1734936911,1734936913,1,35,4125.05,4127.2,1,16231,130987,4166.2,4119.0,4215.35,0,0,4199.0,4168.05,sf,BSE:TCS-A,-41.15,-0.9873,1734956714.180038
4126.9,18969,1734936911,1734936913,7,35,4125.1,4127.2,1,16233,130987,4166.2,4119.0,4215.35,0,0,4199.0,4168.05,sf,BSE:TCS-A,-41.15,-0.9873,1734956714.58763
4126.9,18969,1734936911,1734936914,7,40,4125.1,4127.95,1,16230,129951,4166.2,4119.0,4215.35,0,0,4199.0,4168.05,sf,BSE:TCS-A,-41.15,-0.9873,1734956715.29106
4126.9,18969,1734936911,1734936915,3,10,4125.05,4126.9,1,16773,130975,4166.2,4119.0,4215.35,0,0,4199.0,4168.05,sf,BSE:TCS-A,-41.15,-0.9873,1734956716.825124
4126.9,18969,1734936911,1734936917,1,43,4125.1,4127.2,1,15993,130953,4166.2,4119.0,4215.35,0,0,4199.0,4168.05,sf,BSE:TCS-A,-41.15,-0.9873,1734956717.696025
4126.9,18969,1734936911,1734936918,3,26,4125.05,4127.65,1,15945,130253,4166.2,4119.0,4215.35,0,0,4199.0,4168.05,sf,BSE:TCS-A,-41.15,-0.9873,1734956719.785776
4126.9,18969,1734936911,1734936923,4,29,4125.2,4127.2,1,16722,130704,4166.2,4119.0,4215.35,0,0,4199.0,4168.05,sf,BSE:TCS-A,-41.15,-0.9873,1734956724.586698
4126.9,18969,1734936911,1734936926,1,41,4125.3,4127.75,1,16056,131000,4166.2,4119.0,4215.35,0,0,4199.0,4168.05,sf,BSE:TCS-A,-41.15,-0.9873,1734956727.460698
4127.85,18971,1734936929,1734936933,14,25,4125.1,4127.65,2,15473,130877,4166.2,4119.0,4215.35,0,0,4199.0,4168.05,sf,BSE:TCS-A,-40.2,-0.9645,1734956734.305741
4127.85,18971,1734936929,1734936939,3,59,4125.05,4128.7,2,15024,130472,4166.2,4119.0,4215.35,0,0,4199.0,4168.05,sf,BSE:TCS-A,-40.2,-0.9645,1734956740.186716
4127.85,18971,1734936929,1734936942,4,31,4125.05,4127.95,2,15792,130355,4166.2,4119.0,4215.35,0,0,4199.0,4168.05,sf,BSE:TCS-A,-40.2,-0.9645,1734956742.721299
4127.85,18971,1734936929,1734936942,14,15,4125.05,4128.6,2,15114,129049,4166.2,4119.0,4215.35,0,0,4199.0,4168.05,sf,BSE:TCS-A,-40.2,-0.9645,1734956743.140129
4127.85,18971,1734936929,1734936948,10,10,4125.05,4127.85,2,15531,130825,4166.2,4119.0,4215.35,0,0,4199.0,4168.05,sf,BSE:TCS-A,-40.2,-0.9645,1734956749.442343
4127.85,18971,1734936929,1734936952,19,30,4126.4,4129.1,2,15930,129863,4166.2,4119.0,4215.35,0,0,4199.0,4168.05,sf,BSE:TCS-A,-40.2,-0.9645,1734956753.611099
4125.0,29304,1734937975,1734938048,7,17,4124.95,4127.55,1,14759,130233,4152.47,4115.0,4215.35,0,0,4199.0,4168.05,sf,BSE:TCS-A,-43.05,-1.0329,1734957849.501757
4125.0,29304,1734937975,1734938053,3,7,4125.1,4127.55,1,14745,130206,4152.47,4115.0,4215.35,0,0,4199.0,4168.05,sf,BSE:TCS-A,-43.05,-1.0329,1734957853.501763
4125.0,29304,1734937975,1734938054,9,7,4125.4,4127.55,1,15080,130527,4152.47,4115.0,4215.35,0,0,4199.0,4168.05,sf,BSE:TCS-A,-43.05,-1.0329,1734957854.828136
4125.0,29304,1734937975,1734938055,9,7,4125.4,4127.55,1,15128,129889,4152.47,4115.0,4215.35,0,0,4199.0,4168.05,sf,BSE:TCS-A,-43.05,-1.0329,1734957855.982992
4125.0,29304,1734937975,1734938056,7,7,4125.45,4127.55,1,14981,130550,4152.47,4115.0,4215.35,0,0,4199.0,4168.05,sf,BSE:TCS-A,-43.05,-1.0329,1734957857.235641
4125.0,29304,1734937975,1734938058,9,7,4125.5,4127.55,1,15121,130652,4152.47,4115.0,4215.35,0,0,4199.0,4168.05,sf,BSE:TCS-A,-43.05,-1.0329,1734957858.782126
4125.0,29304,1734937975,1734938058,9,7,4125.5,4127.55,1,15170,130701,4152.47,4115.0,4215.35,0,0,4199.0,4168.05,sf,BSE:TCS-A,-43.05,-1.0329,1734957859.572801
4124.85,29319,1734938061,1734938063,3,23,4122.9,4125.55,4,13266,132771,4152.46,4115.0,4215.35,0,0,4199.0,4168.05,sf,BSE:TCS-A,-43.2,-1.0365,1734957864.507102
4124.85,29319,1734938061,1734938069,1,5,4123.05,4124.95,4,14551,132024,4152.46,4115.0,4215.35,0,0,4199.0,4168.05,sf,BSE:TCS-A,-43.2,-1.0365,1734957870.137436
4124.85,29319,1734938061,1734938070,1,4,4123.05,4125.0,4,13819,132762,4152.46,4115.0,4215.35,0,0,4199.0,4168.05,sf,BSE:TCS-A,-43.2,-1.0365,1734957871.339633
4124.85,29319,1734938061,1734938078,3,8,4123.05,4125.6,4,14201,132011,4152.46,4115.0,4215.35,0,0,4199.0,4168.05,sf,BSE:TCS-A,-43.2,-1.0365,1734957878.559207
4124.85,29319,1734938061,1734938083,3,1,4123.05,4125.05,4,14593,132273,4152.46,4115.0,4215.35,0,0,4199.0,4168.05,sf,BSE:TCS-A,-43.2,-1.0365,1734957883.756937
4124.85,29324,1734938083,1734938090,10,3,4123.45,4126.05,5,14107,132029,4152.45,4115.0,4215.35,0,0,4199.0,4168.05,sf,BSE:TCS-A,-43.2,-1.0365,1734957890.55932
4124.85,29324,1734938083,1734938093,8,8,4123.6,4126.05,5,14574,131755,4152.45,4115.0,4215.35,0,0,4199.0,4168.05,sf,BSE:TCS-A,-43.2,-1.0365,1734957893.835384
4124.85,29324,1734938083,1734938094,5,8,4123.6,4126.05,5,14579,132076,4152.45,4115.0,4215.35,0,0,4199.0,4168.05,sf,BSE:TCS-A,-43.2,-1.0365,1734957894.965626
4124.85,29324,1734938083,1734938095,6,8,4124.1,4126.05,5,14184,131791,4152.45,4115.0,4215.35,0,0,4199.0,4168.05,sf,BSE:TCS-A,-43.2,-1.0365,1734957895.783005
4124.85,29324,1734938083,1734938095,6,8,4124.1,4126.05,5,14545,131987,4152.45,4115.0,4215.35,0,0,4199.0,4168.05,sf,BSE:TCS-A,-43.2,-1.0365,1734957896.276127
4124.85,29324,1734938083,1734938097,6,8,4124.1,4126.0,5,13817,131774,4152.45,4115.0,4215.35,0,0,4199.0,4168.05,sf,BSE:TCS-A,-43.2,-1.0365,1734957898.216984
4124.85,29324,1734938083,1734938099,6,8,4124.1,4126.0,5,13802,132535,4152.45,4115.0,4215.35,0,0,4199.0,4168.05,sf,BSE:TCS-A,-43.2,-1.0365,1734957899.839675
4124.85,29324,1734938083,1734938100,6,8,4124.1,4126.0,5,14552,132599,4152.45,4115.0,4215.35,0,0,4199.0,4168.05,sf,BSE:TCS-A,-43.2,-1.0365,1734957900.648581
4124.85,29324,1734938083,1734938100,7,5,4124.1,4126.0,5,14547,131968,4152.45,4115.0,4215.35,0,0,4199.0,4168.05,sf,BSE:TCS-A,-43.2,-1.0365,1734957900.96911
4124.85,29324,1734938083,1734938102,7,3,4124.1,4125.95,5,14538,131496,4152.45,4115.0,4215.35,0,0,4199.0,4168.05,sf,BSE:TCS-A,-43.2,-1.0365,1734957903.026953
4124.85,29324,1734938083,1734938107,7,5,4124.1,4126.0,5,14545,132078,4152.45,4115.0,4215.35,0,0,4199.0,4168.05,sf,BSE:TCS-A,-43.2,-1.0365,1734957907.944022
4124.85,29324,1734938083,1734938111,7,3,4124.1,4125.95,5,13760,132546,4152.45,4115.0,4215.35,0,0,4199.0,4168.05,sf,BSE:TCS-A,-43.2,-1.0365,1734957911.924904
4124.85,29324,1734938083,1734938116,4,20,4123.1,4125.8,5,14285,131841,4152.45,4115.0,4215.35,0,0,4199.0,4168.05,sf,BSE:TCS-A,-43.2,-1.0365,1734957916.700873
4124.85,29324,1734938083,1734938116,4,63,4123.1,4125.7,5,14292,132696,4152.45,4115.0,4215.35,0,0,4199.0,4168.05,sf,BSE:TCS-A,-43.2,-1.0365,1734957917.661493
4124.85,29324,1734938083,1734938117,3,63,4123.15,4125.7,5,14342,132709,4152.45,4115.0,4215.35,0,0,4199.0,4168.05,sf,BSE:TCS-A,-43.2,-1.0365,1734957918.864813
4124.85,29324,1734938083,1734938119,3,63,4123.15,4125.7,5,14253,132704,4152.45,4115.0,4215.35,0,0,4199.0,4168.05,sf,BSE:TCS-A,-43.2,-1.0365,1734957920.037768
4124.85,29324,1734938083,1734938122,10,15,4122.75,4124.7,5,14872,132094,4152.45,4115.0,4215.35,0,0,4199.0,4168.05,sf,BSE:TCS-A,-43.2,-1.0365,1734957923.526722
4124.85,29324,1734938083,1734938124,8,48,4122.8,4124.95,5,14956,132900,4152.45,4115.0,4215.35,0,0,4199.0,4168.05,sf,BSE:TCS-A,-43.2,-1.0365,1734957924.765113
4124.85,29324,1734938083,1734938131,16,13,4124.0,4125.7,5,14843,132496,4152.45,4115.0,4215.35,0,0,4199.0,4168.05,sf,BSE:TCS-A,-43.2,-1.0365,1734957931.763454
4125.65,29326,1734938133,1734938134,16,14,4124.0,4125.7,2,14890,132579,4152.45,4115.0,4215.35,0,0,4199.0,4168.05,sf,BSE:TCS-A,-42.4,-1.0173,1734957934.772836
4125.65,29326,1734938133,1734938134,16,14,4124.0,4125.7,2,14831,132444,4152.45,4115.0,4215.35,0,0,4199.0,4168.05,sf,BSE:TCS-A,-42.4,-1.0173,1734957935.589717
4125.65,29326,1734938133,1734938135,16,14,4124.0,4125.7,2,14781,131891,4152.45,4115.0,4215.35,0,0,4199.0,4168.05,sf,BSE:TCS-A,-42.4,-1.0173,1734957936.540595
4125.65,29326,1734938133,1734938138,6,1,4124.15,4125.65,2,14876,132800,4152.45,4115.0,4215.35,0,0,4199.0,4168.05,sf,BSE:TCS-A,-42.4,-1.0173,1734957939.19065
4125.65,29326,1734938133,1734938139,6,7,4124.15,4125.65,2,14515,132436,4152.45,4115.0,4215.35,0,0,4199.0,4168.05,sf,BSE:TCS-A,-42.4,-1.0173,1734957940.170719
4125.65,29326,1734938133,1734938141,14,6,4124.0,4125.65,2,14792,132069,4152.45,4115.0,4215.35,0,0,4199.0,4168.05,sf,BSE:TCS-A,-42.4,-1.0173,1734957942.067634
4125.65,29326,1734938133,1734938147,7,1,4124.1,4125.8,2,14856,132186,4152.45,4115.0,4215.35,0,0,4199.0,4168.05,sf,BSE:TCS-A,-42.4,-1.0173,1734957948.123858
4125.65,29326,1734938133,1734938147,7,1,4124.1,4125.8,2,14857,132164,4152.45,4115.0,4215.35,0,0,4199.0,4168.05,sf,BSE:TCS-A,-42.4,-1.0173,1734957948.490027
4125.65,29326,1734938133,1734938148,7,1,4124.1,4125.8,2,14821,132344,4152.45,4115.0,4215.35,0,0,4199.0,4168.05,sf,BSE:TCS-A,-42.4,-1.0173,1734957949.276297
4125.65,29326,1734938133,1734938152,7,1,4124.1,4125.8,2,14864,132327,4152.45,4115.0,4215.35,0,0,4199.0,4168.05,sf,BSE:TCS-A,-42.4,-1.0173,1734957952.911814
4125.65,29326,1734938133,1734938152,7,1,4124.1,4125.8,2,14864,132154,4152.45,4115.0,4215.35,0,0,4199.0,4168.05,sf,BSE:TCS-A,-42.4,-1.0173,1734957953.3764
4125.65,29326,1734938133,1734938154,7,1,4124.1,4125.8,2,14912,132081,4152.45,4115.0,4215.35,0,0,4199.0,4168.05,sf,BSE:TCS-A,-42.4,-1.0173,1734957955.30999
4125.65,29326,1734938133,1734938156,7,1,4124.1,4125.8,2,14491,132731,4152.45,4115.0,4215.35,0,0,4199.0,4168.05,sf,BSE:TCS-A,-42.4,-1.0173,1734957957.282049
4125.65,29326,1734938133,1734938157,7,1,4124.1,4125.8,2,14865,132792,4152.45,4115.0,4215.35,0,0,4199.0,4168.05,sf,BSE:TCS-A,-42.4,-1.0173,1734957957.723452
4125.85,29351,1734938159,1734938160,7,10,4124.1,4125.9,20,14867,131990,4152.43,4115.0,4215.35,0,0,4199.0,4168.05,sf,BSE:TCS-A,-42.2,-1.0125,1734957961.007874
4125.85,29351,1734938159,1734938161,7,10,4124.1,4125.9,20,14755,132662,4152.43,4115.0,4215.35,0,0,4199.0,4168.05,sf,BSE:TCS-A,-42.2,-1.0125,1734957961.787524
4125.85,29351,1734938159,1734938163,7,10,4124.1,4125.9,20,14819,131814,4152.43,4115.0,4215.35,0,0,4199.0,4168.05,sf,BSE:TCS-A,-42.2,-1.0125,1734957964.112635
4125.85,29351,1734938159,1734938164,7,10,4124.1,4125.9,20,14916,132618,4152.43,4115.0,4215.35,0,0,4199.0,4168.05,sf,BSE:TCS-A,-42.2,-1.0125,1734957964.66119
